match_id,date,team1,team2,venue,team1_score,team2_score,toss_winner,toss_decision,form_team1,form_team2,avg_player_rating,team1_win
M1,2017-01-01,RCB,PBKS,StadiumA,190,233,PBKS,field,0.809,0.8,0.982,0
M2,2017-01-02,RR,SRH,StadiumC,121,128,RR,field,0.535,0.735,0.639,0
M3,2017-01-03,PBKS,SRH,StadiumA,202,166,SRH,field,0.958,0.186,0.706,1
M4,2017-01-04,SRH,MI,StadiumB,199,185,MI,field,0.007,0.262,0.616,1
M5,2017-01-05,PBKS,CSK,StadiumC,211,256,PBKS,field,0.758,0.775,0.082,0
M6,2017-01-06,RCB,SRH,StadiumB,116,119,SRH,bat,0.847,0.821,0.06,0
M7,2017-01-07,CSK,MI,StadiumC,161,195,CSK,bat,0.191,0.559,0.033,0
M8,2017-01-08,MI,KKR,StadiumA,135,154,KKR,field,0.156,0.157,0.429,0
M9,2017-01-09,CSK,KKR,StadiumC,120,154,CSK,bat,0.813,0.192,0.174,0
M10,2017-01-10,MI,RCB,StadiumB,207,227,MI,field,0.445,0.639,0.534,0
M11,2017-01-11,CSK,KKR,StadiumC,149,101,KKR,bat,0.887,0.518,0.895,1
M12,2017-01-12,MI,PBKS,StadiumC,159,113,MI,field,0.113,0.646,0.362,1
M13,2017-01-13,LSG,SRH,StadiumC,179,165,LSG,field,0.874,0.736,0.948,1
M14,2017-01-14,CSK,RR,StadiumC,192,217,CSK,field,0.451,0.2,0.666,0
M15,2017-01-15,PBKS,SRH,StadiumC,208,233,SRH,field,0.237,0.145,0.684,0
M16,2017-01-16,LSG,RR,StadiumA,142,106,LSG,field,0.944,0.766,0.974,1
M17,2017-01-17,LSG,PBKS,StadiumA,106,98,LSG,field,0.218,0.442,0.096,1
M18,2017-01-18,MI,KKR,StadiumC,138,120,MI,bat,0.736,0.013,0.546,1
M19,2017-01-19,KKR,CSK,StadiumA,157,203,CSK,bat,0.744,0.703,0.055,0
M20,2017-01-20,KKR,LSG,StadiumC,158,184,KKR,field,0.916,0.562,0.547,0
M21,2017-01-21,RCB,CSK,StadiumC,162,210,RCB,bat,0.411,0.042,0.487,0
M22,2017-01-22,RCB,SRH,StadiumA,215,258,RCB,bat,0.581,0.915,0.65,0
M23,2017-01-23,PBKS,KKR,StadiumB,196,216,KKR,bat,0.795,0.854,0.505,0
M24,2017-01-24,MI,LSG,StadiumC,205,203,MI,bat,0.652,0.866,0.541,1
M25,2017-01-25,MI,SRH,StadiumC,204,232,MI,field,0.018,0.246,0.396,0
M26,2017-01-26,LSG,KKR,StadiumC,113,122,LSG,field,0.196,0.666,0.014,0
M27,2017-01-27,RCB,RR,StadiumA,125,87,RCB,field,0.67,0.376,0.204,1
M28,2017-01-28,RCB,CSK,StadiumB,167,174,CSK,field,0.409,0.841,0.873,0
M29,2017-01-29,RR,PBKS,StadiumC,195,179,PBKS,field,0.967,0.271,0.835,1
M30,2017-01-30,RCB,LSG,StadiumC,119,146,LSG,bat,0.434,0.17,0.667,0
M31,2017-01-31,KKR,RR,StadiumC,137,130,RR,bat,0.569,0.942,0.259,1
M32,2017-02-01,RCB,RR,StadiumB,106,149,RR,bat,0.679,0.517,0.607,0
M33,2017-02-02,RCB,PBKS,StadiumC,181,133,RCB,field,0.043,0.063,0.664,1
M34,2017-02-03,CSK,MI,StadiumC,188,175,MI,field,0.875,0.077,0.87,1
M35,2017-02-04,CSK,MI,StadiumB,155,105,MI,field,0.194,0.227,0.688,1
M36,2017-02-05,CSK,LSG,StadiumA,178,214,CSK,bat,0.662,0.746,0.496,0
M37,2017-02-06,SRH,CSK,StadiumC,178,134,CSK,field,0.389,0.286,0.441,1
M38,2017-02-07,RR,RCB,StadiumC,206,190,RCB,field,0.309,0.709,0.41,1
M39,2017-02-08,PBKS,LSG,StadiumC,127,143,PBKS,field,0.254,0.405,0.513,0
M40,2017-02-09,KKR,RR,StadiumA,203,246,RR,field,0.574,0.319,0.235,0
M41,2017-02-10,SRH,RR,StadiumC,202,207,RR,field,0.774,1.0,0.623,0
M42,2017-02-11,MI,LSG,StadiumC,189,167,LSG,field,0.775,0.111,0.217,1
M43,2017-02-12,SRH,CSK,StadiumB,147,132,CSK,bat,0.289,0.573,0.932,1
M44,2017-02-13,RR,MI,StadiumA,168,144,MI,bat,0.148,0.696,0.555,1
M45,2017-02-14,SRH,LSG,StadiumB,132,109,LSG,bat,0.852,0.344,0.148,1
M46,2017-02-15,SRH,LSG,StadiumA,218,262,SRH,bat,0.426,0.237,0.637,0
M47,2017-02-16,CSK,LSG,StadiumC,201,246,CSK,field,0.357,0.237,0.513,0
M48,2017-02-17,PBKS,SRH,StadiumB,169,132,SRH,field,0.668,0.935,0.537,1
M49,2017-02-18,RCB,SRH,StadiumA,218,227,SRH,field,0.403,0.302,0.616,0
M50,2017-02-19,MI,RR,StadiumA,157,128,MI,field,0.93,0.565,0.504,1
M51,2017-02-20,CSK,RCB,StadiumC,126,136,RCB,bat,0.535,0.779,0.285,0
M52,2017-02-21,MI,PBKS,StadiumB,191,169,PBKS,bat,0.95,0.565,0.244,1
M53,2017-02-22,KKR,LSG,StadiumA,189,232,KKR,field,0.227,0.233,0.753,0
M54,2017-02-23,RCB,LSG,StadiumC,154,176,RCB,bat,0.714,0.657,0.062,0
M55,2017-02-24,SRH,LSG,StadiumA,196,148,SRH,field,0.496,0.777,0.807,1
M56,2017-02-25,CSK,RR,StadiumC,148,113,RR,field,0.16,0.675,0.445,1
M57,2017-02-26,MI,CSK,StadiumA,157,124,CSK,field,0.011,0.085,0.035,1
M58,2017-02-27,LSG,RCB,StadiumC,103,143,LSG,field,0.578,0.925,0.132,0
M59,2017-02-28,SRH,CSK,StadiumC,211,233,SRH,field,0.388,0.588,0.196,0
M60,2017-03-01,RCB,PBKS,StadiumB,149,146,PBKS,bat,0.975,0.862,0.592,1
M61,2017-03-02,CSK,SRH,StadiumA,176,159,SRH,bat,0.478,0.061,0.075,1
M62,2017-03-03,SRH,PBKS,StadiumC,117,162,PBKS,field,0.693,0.834,0.595,0
M63,2017-03-04,RR,KKR,StadiumA,206,162,RR,field,0.686,0.662,0.917,1
M64,2017-03-05,MI,SRH,StadiumC,218,201,SRH,field,0.01,0.615,0.034,1
M65,2017-03-06,LSG,MI,StadiumC,215,175,LSG,field,0.678,0.824,0.632,1
M66,2017-03-07,SRH,MI,StadiumB,124,90,SRH,field,0.436,0.168,0.02,1
M67,2017-03-08,RCB,SRH,StadiumA,182,175,SRH,field,0.863,0.525,0.011,1
M68,2017-03-09,MI,RCB,StadiumA,193,213,MI,bat,1.0,0.713,0.293,0
M69,2017-03-10,MI,PBKS,StadiumB,194,169,PBKS,bat,0.586,0.213,0.28,1
M70,2017-03-11,KKR,MI,StadiumC,207,215,KKR,bat,0.363,0.146,0.122,0
M71,2017-03-12,KKR,RCB,StadiumA,196,170,RCB,bat,0.133,0.398,0.955,1
M72,2017-03-13,CSK,RR,StadiumB,168,186,CSK,field,0.145,0.379,0.028,0
M73,2017-03-14,KKR,PBKS,StadiumB,173,160,KKR,bat,0.045,0.897,0.414,1
M74,2017-03-15,PBKS,RCB,StadiumB,167,191,PBKS,bat,0.999,0.504,0.693,0
M75,2017-03-16,RR,PBKS,StadiumA,107,114,PBKS,field,0.164,0.135,0.388,0
M76,2017-03-17,PBKS,MI,StadiumC,195,164,PBKS,field,0.919,0.082,0.159,1
M77,2017-03-18,PBKS,LSG,StadiumA,205,170,LSG,field,0.488,0.863,0.24,1
M78,2017-03-19,LSG,SRH,StadiumC,203,202,LSG,field,0.378,0.578,0.357,1
M79,2017-03-20,MI,LSG,StadiumC,214,263,MI,field,0.724,0.827,0.647,0
M80,2017-03-21,RR,SRH,StadiumB,140,181,RR,field,0.897,0.62,0.741,0
M81,2017-03-22,MI,PBKS,StadiumC,197,193,PBKS,field,0.5,0.492,0.436,1
M82,2017-03-23,MI,RCB,StadiumB,101,103,MI,field,0.971,0.099,0.557,0
M83,2017-03-24,KKR,RCB,StadiumA,182,139,RCB,bat,0.027,0.974,0.489,1
M84,2017-03-25,RCB,RR,StadiumC,150,115,RCB,field,0.869,0.166,0.193,1
M85,2017-03-26,CSK,PBKS,StadiumB,201,222,CSK,field,0.144,0.307,0.751,0
M86,2017-03-27,RCB,KKR,StadiumA,128,155,RCB,field,0.143,0.486,0.582,0
M87,2017-03-28,KKR,LSG,StadiumB,187,170,LSG,field,0.056,0.137,0.19,1
M88,2017-03-29,SRH,KKR,StadiumB,172,147,SRH,bat,0.995,0.737,0.346,1
M89,2017-03-30,SRH,KKR,StadiumC,210,247,KKR,bat,0.641,0.223,0.712,0
M90,2017-03-31,PBKS,SRH,StadiumA,118,129,SRH,field,0.557,0.233,0.975,0
M91,2017-04-01,RR,SRH,StadiumA,196,208,SRH,field,0.158,0.735,0.909,0
M92,2017-04-02,KKR,SRH,StadiumA,151,179,KKR,field,0.618,0.859,0.633,0
M93,2017-04-03,LSG,MI,StadiumC,172,209,LSG,bat,0.434,0.016,0.761,0
M94,2017-04-04,PBKS,KKR,StadiumC,172,134,PBKS,bat,0.861,0.779,0.825,1
M95,2017-04-05,PBKS,CSK,StadiumC,118,135,CSK,bat,0.166,0.864,0.262,0
M96,2017-04-06,CSK,LSG,StadiumC,213,179,CSK,field,0.237,0.824,0.936,1
M97,2017-04-07,SRH,PBKS,StadiumA,102,142,PBKS,field,0.986,0.593,0.766,0
M98,2017-04-08,CSK,PBKS,StadiumB,170,158,PBKS,bat,0.6,0.07,0.706,1
M99,2017-04-09,LSG,MI,StadiumB,124,103,LSG,field,0.332,0.092,0.752,1
M100,2017-04-10,SRH,KKR,StadiumA,160,187,KKR,bat,0.582,0.665,0.218,0
M101,2017-04-11,CSK,RR,StadiumB,100,105,CSK,field,0.996,0.564,0.712,0
M102,2017-04-12,CSK,SRH,StadiumC,137,156,CSK,bat,0.662,0.35,0.246,0
M103,2017-04-13,LSG,RCB,StadiumA,103,99,LSG,field,0.762,0.848,0.726,1
M104,2017-04-14,MI,RR,StadiumC,160,172,RR,bat,0.166,0.012,0.569,0
M105,2017-04-15,LSG,CSK,StadiumA,162,149,LSG,field,0.479,0.633,0.944,1
M106,2017-04-16,SRH,RR,StadiumC,162,150,RR,field,0.71,0.603,0.206,1
M107,2017-04-17,LSG,RR,StadiumC,201,204,LSG,bat,0.417,0.952,0.27,0
M108,2017-04-18,KKR,LSG,StadiumC,214,200,LSG,bat,0.913,0.763,0.422,1
M109,2017-04-19,LSG,RCB,StadiumB,133,87,RCB,field,0.773,0.336,0.021,1
M110,2017-04-20,CSK,RCB,StadiumA,126,106,CSK,field,0.757,0.495,0.53,1
M111,2017-04-21,PBKS,LSG,StadiumA,182,196,PBKS,bat,0.348,0.695,0.722,0
M112,2017-04-22,RR,RCB,StadiumA,142,150,RCB,bat,0.25,0.372,0.289,0
M113,2017-04-23,KKR,RR,StadiumB,206,187,RR,field,0.412,0.477,0.184,1
M114,2017-04-24,PBKS,RR,StadiumC,106,79,RR,bat,0.648,0.174,0.694,1
M115,2017-04-25,RCB,CSK,StadiumA,131,147,CSK,bat,0.15,0.061,0.098,0
M116,2017-04-26,RCB,MI,StadiumA,186,233,RCB,field,0.618,0.346,0.818,0
M117,2017-04-27,KKR,CSK,StadiumB,159,120,CSK,field,0.574,0.841,0.64,1
M118,2017-04-28,CSK,MI,StadiumA,150,187,MI,bat,0.987,0.257,0.089,0
M119,2017-04-29,PBKS,RCB,StadiumB,202,206,RCB,field,0.328,0.861,0.814,0
M120,2017-04-30,RCB,KKR,StadiumA,120,163,KKR,bat,0.058,0.506,0.273,0
M121,2017-05-01,LSG,CSK,StadiumB,105,142,LSG,bat,0.897,0.465,0.911,0
M122,2017-05-02,RR,PBKS,StadiumB,165,136,PBKS,bat,0.361,0.738,0.142,1
M123,2017-05-03,LSG,MI,StadiumC,185,151,LSG,bat,0.123,0.156,0.937,1
M124,2017-05-04,CSK,SRH,StadiumB,103,72,SRH,bat,0.228,0.899,0.945,1
M125,2017-05-05,KKR,MI,StadiumA,132,149,MI,bat,0.134,0.966,0.43,0
M126,2017-05-06,CSK,MI,StadiumA,112,131,CSK,field,0.613,0.136,0.215,0
M127,2017-05-07,KKR,LSG,StadiumC,147,123,KKR,field,0.049,0.33,0.954,1
M128,2017-05-08,RR,LSG,StadiumC,183,210,RR,bat,0.881,0.575,0.662,0
M129,2017-05-09,RCB,MI,StadiumA,172,181,MI,field,0.9,0.579,0.546,0
M130,2017-05-10,SRH,PBKS,StadiumA,108,87,PBKS,field,0.098,0.99,0.394,1
M131,2017-05-11,SRH,PBKS,StadiumA,160,142,SRH,field,0.812,0.435,0.121,1
M132,2017-05-12,MI,SRH,StadiumA,185,204,MI,field,0.672,0.639,0.061,0
M133,2017-05-13,KKR,SRH,StadiumA,119,105,KKR,field,0.773,0.882,0.996,1
M134,2017-05-14,PBKS,LSG,StadiumA,212,176,LSG,field,0.486,0.824,0.313,1
M135,2017-05-15,LSG,CSK,StadiumB,211,233,LSG,bat,0.06,0.332,0.723,0
M136,2017-05-16,PBKS,KKR,StadiumA,211,187,KKR,field,0.74,0.437,0.858,1
M137,2017-05-17,CSK,LSG,StadiumC,157,168,LSG,bat,0.005,0.174,0.251,0
M138,2017-05-18,KKR,CSK,StadiumB,142,170,CSK,field,0.567,0.197,0.855,0
M139,2017-05-19,LSG,KKR,StadiumA,178,178,LSG,bat,0.763,0.197,0.846,0
M140,2017-05-20,PBKS,LSG,StadiumB,148,113,LSG,field,0.535,0.678,0.753,1
M141,2017-05-21,PBKS,LSG,StadiumA,217,255,LSG,field,0.801,0.536,0.655,0
M142,2017-05-22,PBKS,MI,StadiumC,207,216,MI,field,0.963,0.203,0.522,0
M143,2017-05-23,SRH,LSG,StadiumB,203,163,LSG,field,0.426,0.831,0.209,1
M144,2017-05-24,PBKS,CSK,StadiumC,187,166,CSK,field,0.575,0.37,0.047,1
M145,2017-05-25,PBKS,CSK,StadiumC,196,168,PBKS,bat,0.839,0.889,0.752,1
M146,2017-05-26,PBKS,MI,StadiumB,115,160,PBKS,field,0.883,0.715,0.602,0
M147,2017-05-27,KKR,RCB,StadiumC,123,154,KKR,field,0.593,0.136,0.874,0
M148,2017-05-28,PBKS,LSG,StadiumB,120,121,PBKS,field,0.093,0.353,0.515,0
M149,2017-05-29,CSK,RCB,StadiumA,119,119,CSK,bat,0.177,0.499,0.126,0
M150,2017-05-30,LSG,RCB,StadiumA,161,128,RCB,bat,0.63,0.771,0.319,1
M151,2017-05-31,CSK,LSG,StadiumA,202,155,CSK,field,0.866,0.239,0.379,1
M152,2017-06-01,RR,KKR,StadiumA,217,256,RR,field,0.57,0.275,0.913,0
M153,2017-06-02,LSG,RCB,StadiumC,126,165,LSG,field,0.073,0.368,0.561,0
M154,2017-06-03,SRH,LSG,StadiumB,112,161,LSG,field,0.461,0.632,0.91,0
M155,2017-06-04,KKR,CSK,StadiumA,193,201,KKR,field,0.258,0.866,0.465,0
M156,2017-06-05,SRH,PBKS,StadiumB,154,135,SRH,field,0.123,0.756,0.692,1
M157,2017-06-06,LSG,PBKS,StadiumA,210,226,PBKS,field,0.675,0.407,0.336,0
M158,2017-06-07,RCB,KKR,StadiumB,139,151,KKR,bat,0.52,0.735,0.495,0
M159,2017-06-08,PBKS,KKR,StadiumC,204,183,PBKS,field,0.637,0.541,0.194,1
M160,2017-06-09,RR,KKR,StadiumA,101,97,RR,bat,0.332,0.097,0.391,1
M161,2017-06-10,KKR,LSG,StadiumB,213,236,KKR,bat,0.838,0.029,0.009,0
M162,2017-06-11,CSK,PBKS,StadiumC,184,213,PBKS,field,0.743,0.644,0.497,0
M163,2017-06-12,RCB,MI,StadiumA,217,177,RCB,field,0.203,0.439,0.8,1
M164,2017-06-13,LSG,MI,StadiumA,161,170,LSG,bat,0.493,0.475,0.993,0
M165,2017-06-14,CSK,LSG,StadiumB,176,204,CSK,bat,0.304,0.849,0.184,0
M166,2017-06-15,MI,RCB,StadiumA,158,193,RCB,field,0.304,0.617,0.738,0
M167,2017-06-16,RCB,MI,StadiumC,185,215,MI,bat,0.237,0.421,0.487,0
M168,2017-06-17,PBKS,RCB,StadiumB,139,143,PBKS,field,0.314,0.376,0.852,0
M169,2017-06-18,LSG,SRH,StadiumA,150,169,SRH,bat,0.754,0.207,0.926,0
M170,2017-06-19,MI,CSK,StadiumC,156,134,CSK,field,0.282,0.985,0.59,1
M171,2017-06-20,LSG,PBKS,StadiumC,105,89,LSG,bat,0.264,0.185,0.403,1
M172,2017-06-21,SRH,RCB,StadiumC,147,171,RCB,bat,0.644,0.336,0.615,0
M173,2017-06-22,RCB,SRH,StadiumC,110,82,SRH,field,0.016,0.483,0.082,1
M174,2017-06-23,RCB,CSK,StadiumC,110,134,CSK,field,0.644,0.302,0.603,0
M175,2017-06-24,RR,SRH,StadiumC,149,135,SRH,field,0.803,0.259,0.997,1
M176,2017-06-25,SRH,LSG,StadiumA,124,117,SRH,bat,0.586,0.503,0.763,1
M177,2017-06-26,MI,RCB,StadiumB,119,152,RCB,bat,0.308,0.139,0.822,0
M178,2017-06-27,LSG,RCB,StadiumC,147,139,LSG,bat,0.37,0.958,0.622,1
M179,2017-06-28,MI,RCB,StadiumC,115,100,MI,bat,0.205,0.233,0.714,1
M180,2017-06-29,RR,CSK,StadiumC,149,140,CSK,bat,0.185,0.065,0.714,1
M181,2017-06-30,SRH,PBKS,StadiumA,149,128,SRH,bat,0.404,0.717,0.728,1
M182,2017-07-01,SRH,MI,StadiumB,209,184,SRH,bat,0.721,0.076,0.115,1
M183,2017-07-02,RR,CSK,StadiumA,183,181,CSK,bat,0.085,0.875,0.829,1
M184,2017-07-03,MI,KKR,StadiumC,218,245,KKR,field,0.942,0.517,0.901,0
M185,2017-07-04,SRH,LSG,StadiumC,154,202,SRH,bat,0.105,0.085,0.096,0
M186,2017-07-05,LSG,PBKS,StadiumA,133,122,PBKS,field,0.974,0.44,0.135,1
M187,2017-07-06,MI,CSK,StadiumB,134,177,MI,field,0.352,0.248,0.848,0
M188,2017-07-07,RCB,SRH,StadiumC,189,181,RCB,bat,0.161,0.487,0.983,1
M189,2017-07-08,KKR,RCB,StadiumB,147,152,RCB,bat,0.762,0.045,0.476,0
M190,2017-07-09,RCB,CSK,StadiumB,144,129,RCB,bat,0.736,0.79,0.959,1
M191,2017-07-10,RCB,PBKS,StadiumC,184,169,RCB,field,0.505,0.814,0.01,1
M192,2017-07-11,PBKS,KKR,StadiumC,124,161,KKR,bat,0.043,0.202,0.504,0
M193,2017-07-12,LSG,PBKS,StadiumB,122,165,PBKS,bat,0.961,0.474,0.387,0
M194,2017-07-13,RCB,RR,StadiumB,153,145,RR,field,0.27,0.062,0.981,1
M195,2017-07-14,PBKS,SRH,StadiumC,180,145,SRH,field,0.849,0.632,0.049,1
M196,2017-07-15,RR,SRH,StadiumB,160,207,SRH,bat,0.301,0.893,0.761,0
M197,2017-07-16,RR,PBKS,StadiumB,186,172,PBKS,bat,0.84,0.61,0.702,1
M198,2017-07-17,LSG,RR,StadiumA,128,162,RR,bat,0.314,0.539,0.998,0
M199,2017-07-18,KKR,RR,StadiumC,115,65,KKR,field,0.962,0.845,0.382,1
M200,2017-07-19,LSG,RR,StadiumA,128,98,LSG,bat,0.935,0.231,0.027,1
M201,2017-07-20,KKR,PBKS,StadiumB,108,135,KKR,field,0.4,0.296,0.586,0
M202,2017-07-21,CSK,SRH,StadiumA,109,137,SRH,bat,0.555,0.175,0.846,0
M203,2017-07-22,CSK,SRH,StadiumC,165,186,SRH,field,0.887,0.059,0.781,0
M204,2017-07-23,RCB,KKR,StadiumA,130,180,KKR,bat,0.166,0.101,0.007,0
M205,2017-07-24,LSG,CSK,StadiumB,218,184,CSK,bat,0.423,0.785,0.059,1
M206,2017-07-25,SRH,KKR,StadiumB,144,164,SRH,field,0.843,0.207,0.2,0
M207,2017-07-26,KKR,PBKS,StadiumB,150,155,PBKS,bat,0.94,0.566,0.432,0
M208,2017-07-27,KKR,RCB,StadiumC,167,131,KKR,field,0.556,0.239,0.033,1
M209,2017-07-28,LSG,RCB,StadiumB,130,161,LSG,bat,0.491,0.152,0.007,0
M210,2017-07-29,MI,RCB,StadiumB,146,194,MI,field,0.407,0.444,0.161,0
M211,2017-07-30,KKR,LSG,StadiumC,198,178,KKR,field,0.538,0.919,0.036,1
M212,2017-07-31,LSG,RR,StadiumB,170,177,RR,field,0.552,0.627,0.277,0
M213,2017-08-01,RCB,RR,StadiumA,193,232,RCB,bat,0.973,0.139,0.508,0
M214,2017-08-02,SRH,RCB,StadiumB,155,107,SRH,field,0.449,0.416,0.65,1
M215,2017-08-03,MI,KKR,StadiumC,121,103,MI,field,0.77,0.698,0.231,1
M216,2017-08-04,CSK,RCB,StadiumA,187,188,CSK,bat,0.415,0.478,0.682,0
M217,2017-08-05,CSK,PBKS,StadiumC,177,157,CSK,bat,0.477,0.242,0.443,1
M218,2017-08-06,KKR,PBKS,StadiumC,104,122,KKR,bat,0.652,0.168,0.124,0
M219,2017-08-07,MI,RCB,StadiumA,177,197,MI,bat,0.618,0.383,0.812,0
M220,2017-08-08,KKR,LSG,StadiumC,166,188,KKR,bat,0.238,0.728,0.951,0
M221,2017-08-09,SRH,MI,StadiumC,111,130,SRH,bat,0.231,0.667,0.124,0
M222,2017-08-10,KKR,PBKS,StadiumA,166,175,KKR,bat,0.404,0.708,0.938,0
M223,2017-08-11,SRH,RR,StadiumA,111,91,RR,bat,0.931,0.03,0.772,1
M224,2017-08-12,RCB,RR,StadiumB,147,141,RCB,field,0.795,0.011,0.389,1
M225,2017-08-13,RR,MI,StadiumA,121,79,MI,field,0.842,0.942,0.01,1
M226,2017-08-14,PBKS,RR,StadiumA,180,150,RR,bat,0.269,0.566,0.113,1
M227,2017-08-15,KKR,SRH,StadiumB,205,214,KKR,field,0.597,0.66,0.504,0
M228,2017-08-16,SRH,LSG,StadiumA,148,196,LSG,bat,0.813,0.104,0.081,0
M229,2017-08-17,KKR,SRH,StadiumC,140,109,SRH,bat,0.736,0.111,0.314,1
M230,2017-08-18,RCB,PBKS,StadiumC,197,207,RCB,bat,0.009,0.615,0.026,0
M231,2017-08-19,PBKS,MI,StadiumB,181,146,MI,field,0.284,0.679,0.926,1
M232,2017-08-20,LSG,RCB,StadiumA,136,102,RCB,bat,0.041,0.132,0.228,1
M233,2017-08-21,LSG,KKR,StadiumA,210,201,LSG,field,0.032,0.461,0.089,1
M234,2017-08-22,CSK,RCB,StadiumB,201,231,RCB,bat,0.921,0.696,0.647,0
M235,2017-08-23,MI,CSK,StadiumC,155,183,MI,field,0.892,0.808,0.935,0
M236,2017-08-24,RCB,LSG,StadiumC,201,206,LSG,bat,0.616,0.603,0.166,0
M237,2017-08-25,RR,SRH,StadiumC,122,153,RR,field,0.727,0.21,0.195,0
M238,2017-08-26,CSK,PBKS,StadiumB,204,224,PBKS,bat,0.432,0.453,0.684,0
M239,2017-08-27,PBKS,LSG,StadiumC,157,169,LSG,field,0.433,0.213,0.923,0
M240,2017-08-28,RCB,RR,StadiumA,200,240,RR,bat,0.173,0.396,0.6,0
M241,2017-08-29,CSK,PBKS,StadiumB,150,157,CSK,bat,0.425,0.32,0.266,0
M242,2017-08-30,LSG,KKR,StadiumB,188,158,LSG,field,0.126,0.246,0.091,1
M243,2017-08-31,KKR,RR,StadiumB,191,214,KKR,field,0.31,0.04,0.067,0
M244,2017-09-01,RR,RCB,StadiumA,158,139,RCB,field,0.787,0.175,0.436,1
M245,2017-09-02,LSG,RCB,StadiumC,122,170,LSG,bat,0.318,0.959,0.22,0
M246,2017-09-03,LSG,MI,StadiumB,128,152,LSG,field,0.492,0.894,0.729,0
M247,2017-09-04,SRH,PBKS,StadiumB,126,159,PBKS,bat,0.685,0.115,0.653,0
M248,2017-09-05,RCB,PBKS,StadiumC,114,158,PBKS,field,0.604,0.837,0.173,0
M249,2017-09-06,RR,PBKS,StadiumC,165,152,PBKS,bat,0.134,0.509,0.595,1
M250,2017-09-07,SRH,MI,StadiumA,220,263,MI,field,0.883,0.978,0.085,0
M251,2017-09-08,KKR,MI,StadiumB,128,118,MI,bat,0.535,0.227,0.522,1
M252,2017-09-09,RR,SRH,StadiumC,165,130,SRH,bat,0.156,0.774,0.353,1
M253,2017-09-10,CSK,RCB,StadiumA,182,191,CSK,bat,0.868,0.414,0.965,0
M254,2017-09-11,SRH,CSK,StadiumC,193,176,SRH,field,0.893,0.558,0.713,1
M255,2017-09-12,RR,MI,StadiumA,189,190,MI,field,0.096,0.995,0.377,0
M256,2017-09-13,CSK,PBKS,StadiumC,122,74,PBKS,bat,0.512,0.822,0.622,1
M257,2017-09-14,RCB,RR,StadiumA,119,136,RCB,bat,0.592,0.422,0.723,0
M258,2017-09-15,KKR,RCB,StadiumC,136,143,RCB,field,0.007,0.059,0.842,0
M259,2017-09-16,MI,LSG,StadiumC,147,174,LSG,bat,0.793,0.27,0.305,0
M260,2017-09-17,PBKS,RR,StadiumC,170,138,RR,field,0.18,0.586,0.087,1
M261,2017-09-18,RCB,CSK,StadiumC,141,108,RCB,field,0.131,0.039,0.197,1
M262,2017-09-19,CSK,PBKS,StadiumC,201,246,PBKS,bat,0.727,0.631,0.516,0
M263,2017-09-20,CSK,RCB,StadiumB,137,116,RCB,bat,0.789,0.766,0.749,1
M264,2017-09-21,RR,RCB,StadiumC,140,163,RCB,bat,0.12,0.007,0.29,0
M265,2017-09-22,LSG,KKR,StadiumC,103,75,KKR,bat,0.957,0.697,0.989,1
M266,2017-09-23,LSG,PBKS,StadiumB,102,104,PBKS,field,0.731,0.3,0.683,0
M267,2017-09-24,KKR,SRH,StadiumA,199,187,SRH,field,0.893,0.128,0.513,1
M268,2017-09-25,RCB,LSG,StadiumB,203,250,LSG,field,0.831,0.758,0.687,0
M269,2017-09-26,KKR,SRH,StadiumA,219,256,KKR,field,0.795,0.252,0.062,0
M270,2017-09-27,MI,RCB,StadiumC,153,171,MI,field,0.23,0.002,0.264,0
M271,2017-09-28,CSK,PBKS,StadiumA,102,98,CSK,field,0.132,0.395,0.796,1
M272,2017-09-29,PBKS,KKR,StadiumC,201,239,KKR,bat,0.571,0.675,0.013,0
M273,2017-09-30,LSG,RR,StadiumB,192,214,RR,bat,0.435,0.204,0.048,0
M274,2017-10-01,LSG,MI,StadiumC,121,113,MI,bat,0.098,0.154,0.179,1
M275,2017-10-02,RR,RCB,StadiumC,184,210,RR,bat,0.844,0.322,0.765,0
M276,2017-10-03,RR,LSG,StadiumC,191,166,RR,field,0.728,0.439,0.272,1
M277,2017-10-04,RR,CSK,StadiumA,148,159,RR,bat,0.077,0.634,0.345,0
M278,2017-10-05,PBKS,RR,StadiumA,101,87,RR,field,0.039,0.503,0.222,1
M279,2017-10-06,MI,PBKS,StadiumA,175,168,PBKS,bat,0.787,0.713,0.065,1
M280,2017-10-07,CSK,SRH,StadiumB,220,262,SRH,field,0.135,0.319,0.912,0
M281,2017-10-08,KKR,MI,StadiumB,162,118,KKR,field,0.754,0.011,0.663,1
M282,2017-10-09,MI,SRH,StadiumA,181,193,MI,bat,0.043,0.73,0.383,0
M283,2017-10-10,RR,CSK,StadiumB,106,124,CSK,field,0.072,0.944,0.593,0
M284,2017-10-11,MI,LSG,StadiumA,196,151,MI,field,0.685,0.699,0.985,1
M285,2017-10-12,SRH,RR,StadiumC,106,146,RR,bat,0.338,0.053,0.793,0
M286,2017-10-13,SRH,CSK,StadiumA,197,219,CSK,bat,0.314,0.27,0.973,0
M287,2017-10-14,SRH,RCB,StadiumB,157,136,SRH,field,0.156,0.458,0.244,1
M288,2017-10-15,LSG,RCB,StadiumB,130,137,RCB,field,0.239,0.375,0.673,0
M289,2017-10-16,PBKS,LSG,StadiumA,214,190,PBKS,field,0.221,0.704,0.592,1
M290,2017-10-17,RCB,CSK,StadiumB,174,156,RCB,bat,0.232,0.578,0.115,1
M291,2017-10-18,RCB,RR,StadiumA,122,75,RR,field,0.7,0.101,0.856,1
M292,2017-10-19,RR,MI,StadiumA,124,136,RR,field,0.33,0.673,0.576,0
M293,2017-10-20,CSK,PBKS,StadiumC,102,72,PBKS,bat,0.738,0.453,0.116,1
M294,2017-10-21,RR,MI,StadiumC,218,234,MI,field,0.056,0.994,0.257,0
M295,2017-10-22,RR,LSG,StadiumB,161,117,LSG,field,0.51,0.211,0.358,1
M296,2017-10-23,MI,RCB,StadiumA,215,218,MI,field,0.369,0.587,0.736,0
M297,2017-10-24,RR,LSG,StadiumC,154,170,LSG,field,0.501,0.415,0.767,0
M298,2017-10-25,KKR,RCB,StadiumB,158,141,RCB,bat,0.912,0.44,0.867,1
M299,2017-10-26,MI,LSG,StadiumC,179,209,MI,bat,0.381,0.211,0.797,0
M300,2017-10-27,KKR,CSK,StadiumB,142,131,CSK,bat,0.125,0.197,0.673,1
M301,2017-10-28,SRH,KKR,StadiumA,121,156,SRH,bat,0.502,0.404,0.812,0
M302,2017-10-29,LSG,KKR,StadiumC,211,213,LSG,bat,0.827,0.871,0.605,0
M303,2017-10-30,SRH,LSG,StadiumC,180,228,LSG,field,0.706,0.569,0.208,0
M304,2017-10-31,LSG,RR,StadiumA,106,149,RR,bat,0.854,0.243,0.423,0
M305,2017-11-01,KKR,SRH,StadiumB,201,229,KKR,bat,0.583,0.042,0.468,0
M306,2017-11-02,RR,PBKS,StadiumC,185,181,RR,field,0.377,0.504,0.854,1
M307,2017-11-03,MI,SRH,StadiumB,124,152,SRH,bat,0.167,0.347,0.809,0
M308,2017-11-04,SRH,PBKS,StadiumC,173,153,SRH,bat,0.096,0.486,0.132,1
M309,2017-11-05,MI,RR,StadiumA,104,96,MI,field,0.782,0.527,0.917,1
M310,2017-11-06,RR,CSK,StadiumA,205,193,RR,field,0.232,0.148,0.315,1
M311,2017-11-07,RR,LSG,StadiumB,218,168,RR,field,0.017,0.671,0.738,1
M312,2017-11-08,RCB,MI,StadiumC,134,171,RCB,bat,0.668,0.73,0.547,0
M313,2017-11-09,RR,SRH,StadiumA,165,146,SRH,bat,0.711,0.278,0.714,1
M314,2017-11-10,PBKS,RR,StadiumB,101,109,PBKS,bat,0.202,0.694,0.483,0
M315,2017-11-11,SRH,LSG,StadiumB,104,117,SRH,field,0.933,0.864,0.897,0
M316,2017-11-12,RCB,KKR,StadiumC,195,213,KKR,bat,0.243,0.106,0.637,0
M317,2017-11-13,RR,PBKS,StadiumC,215,247,RR,bat,0.127,0.605,0.924,0
M318,2017-11-14,LSG,RCB,StadiumA,196,214,RCB,bat,0.178,0.293,0.497,0
M319,2017-11-15,CSK,MI,StadiumC,174,208,CSK,bat,0.415,0.302,0.587,0
M320,2017-11-16,LSG,SRH,StadiumA,218,259,SRH,field,0.588,0.021,0.8,0
M321,2017-11-17,SRH,KKR,StadiumA,191,149,SRH,bat,0.149,0.454,0.532,1
M322,2017-11-18,RR,LSG,StadiumA,194,215,RR,field,0.351,0.276,0.636,0
M323,2017-11-19,RCB,MI,StadiumC,160,208,MI,field,0.714,0.424,0.939,0
M324,2017-11-20,RR,RCB,StadiumC,117,146,RCB,field,0.717,0.128,0.401,0
M325,2017-11-21,MI,CSK,StadiumC,178,193,CSK,bat,0.431,0.017,0.533,0
M326,2017-11-22,RCB,LSG,StadiumB,192,167,RCB,field,0.739,0.289,0.002,1
M327,2017-11-23,RCB,PBKS,StadiumB,213,189,RCB,field,0.918,0.42,0.487,1
M328,2017-11-24,KKR,CSK,StadiumA,205,177,CSK,field,0.006,0.169,0.996,1
M329,2017-11-25,CSK,LSG,StadiumA,155,113,LSG,bat,0.618,0.911,0.731,1
M330,2017-11-26,KKR,LSG,StadiumC,219,268,LSG,field,0.197,0.679,0.072,0
M331,2017-11-27,SRH,RCB,StadiumA,179,227,RCB,field,0.07,0.333,0.433,0
M332,2017-11-28,RR,KKR,StadiumB,140,143,KKR,bat,0.941,0.796,0.667,0
M333,2017-11-29,MI,SRH,StadiumA,209,173,SRH,bat,0.119,0.425,0.281,1
M334,2017-11-30,RCB,RR,StadiumA,138,129,RR,bat,0.634,0.08,0.065,1
M335,2017-12-01,PBKS,RR,StadiumB,201,200,PBKS,bat,0.597,0.836,0.063,1
M336,2017-12-02,LSG,RCB,StadiumA,149,150,LSG,bat,0.613,0.153,0.411,0
M337,2017-12-03,PBKS,LSG,StadiumB,115,122,LSG,bat,0.211,0.951,0.698,0
M338,2017-12-04,PBKS,LSG,StadiumB,157,112,LSG,field,0.274,0.748,0.054,1
M339,2017-12-05,LSG,RR,StadiumC,175,144,RR,field,0.733,0.365,0.662,1
M340,2017-12-06,MI,SRH,StadiumA,189,159,SRH,field,0.414,0.99,0.261,1
M341,2017-12-07,RCB,CSK,StadiumB,152,140,CSK,bat,0.802,0.703,0.466,1
M342,2017-12-08,PBKS,LSG,StadiumC,124,137,PBKS,bat,0.404,0.904,0.939,0
M343,2017-12-09,SRH,LSG,StadiumA,153,167,LSG,field,0.619,0.835,0.661,0
M344,2017-12-10,MI,CSK,StadiumA,157,144,MI,bat,0.682,0.443,0.321,1
M345,2017-12-11,PBKS,CSK,StadiumC,186,220,CSK,field,0.425,0.697,0.457,0
M346,2017-12-12,LSG,KKR,StadiumB,218,231,LSG,field,0.214,0.389,0.23,0
M347,2017-12-13,MI,RCB,StadiumA,149,193,MI,bat,0.238,0.694,0.121,0
M348,2017-12-14,KKR,SRH,StadiumC,179,225,KKR,bat,0.539,0.017,0.322,0
M349,2017-12-15,PBKS,CSK,StadiumB,190,177,PBKS,field,0.06,0.465,0.557,1
M350,2017-12-16,CSK,RCB,StadiumA,193,143,CSK,bat,0.08,0.218,0.837,1
M351,2017-12-17,MI,CSK,StadiumA,122,160,MI,bat,0.141,0.732,0.921,0
M352,2017-12-18,SRH,RR,StadiumC,201,185,SRH,bat,0.654,0.848,0.598,1
M353,2017-12-19,RCB,MI,StadiumB,100,53,MI,bat,0.148,0.725,0.608,1
M354,2017-12-20,RR,RCB,StadiumB,206,230,RR,field,0.621,0.956,0.737,0
M355,2017-12-21,CSK,LSG,StadiumC,208,219,LSG,field,0.58,0.007,0.008,0
M356,2017-12-22,RCB,KKR,StadiumB,194,176,RCB,field,0.649,0.665,0.747,1
M357,2017-12-23,SRH,RR,StadiumC,131,138,RR,bat,0.029,0.362,0.824,0
M358,2017-12-24,RCB,PBKS,StadiumA,129,120,RCB,field,0.593,0.212,0.877,1
M359,2017-12-25,MI,PBKS,StadiumA,180,214,MI,bat,0.254,0.456,0.303,0
M360,2017-12-26,CSK,LSG,StadiumB,145,168,CSK,bat,0.095,0.101,0.663,0
M361,2017-12-27,SRH,MI,StadiumC,136,98,SRH,bat,0.268,0.453,0.578,1
M362,2017-12-28,MI,CSK,StadiumB,199,156,MI,field,0.591,0.779,0.119,1
M363,2017-12-29,PBKS,RR,StadiumA,137,97,RR,bat,0.269,0.914,0.487,1
M364,2017-12-30,KKR,RCB,StadiumC,194,161,KKR,bat,0.978,0.723,0.584,1
M365,2017-12-31,KKR,SRH,StadiumC,114,152,KKR,bat,0.488,0.086,0.068,0
M366,2018-01-01,SRH,PBKS,StadiumA,212,211,SRH,bat,0.519,0.977,0.607,1
M367,2018-01-02,KKR,RR,StadiumB,186,218,RR,field,0.598,0.282,0.096,0
M368,2018-01-03,SRH,MI,StadiumC,142,154,SRH,bat,0.948,0.116,0.16,0
M369,2018-01-04,MI,CSK,StadiumC,119,161,CSK,bat,0.813,0.154,0.852,0
M370,2018-01-05,CSK,RCB,StadiumA,161,210,RCB,field,0.678,0.638,0.134,0
M371,2018-01-06,CSK,RR,StadiumC,159,186,CSK,bat,0.926,0.991,0.175,0
M372,2018-01-07,RCB,SRH,StadiumB,183,143,SRH,field,0.824,0.582,0.574,1
M373,2018-01-08,RR,SRH,StadiumC,217,212,SRH,bat,0.665,0.424,0.806,1
M374,2018-01-09,KKR,PBKS,StadiumB,170,212,PBKS,bat,0.035,0.457,0.881,0
M375,2018-01-10,RCB,CSK,StadiumB,105,123,RCB,bat,0.386,0.527,0.889,0
M376,2018-01-11,PBKS,LSG,StadiumB,206,211,PBKS,field,0.463,0.025,0.716,0
M377,2018-01-12,RR,MI,StadiumA,133,168,RR,bat,0.605,0.421,0.193,0
M378,2018-01-13,RCB,MI,StadiumA,185,231,MI,field,0.937,0.22,0.476,0
M379,2018-01-14,RCB,PBKS,StadiumA,195,234,PBKS,bat,0.379,0.245,0.287,0
M380,2018-01-15,KKR,RR,StadiumC,212,231,KKR,bat,0.728,0.29,0.824,0
M381,2018-01-16,MI,PBKS,StadiumA,220,217,PBKS,field,0.798,0.459,0.1,1
M382,2018-01-17,SRH,RR,StadiumB,152,151,RR,bat,0.952,0.112,0.651,1
M383,2018-01-18,KKR,LSG,StadiumA,142,117,LSG,bat,0.024,0.364,0.412,1
M384,2018-01-19,KKR,PBKS,StadiumA,202,175,PBKS,field,0.885,0.875,0.09,1
M385,2018-01-20,LSG,CSK,StadiumB,174,222,LSG,field,0.308,0.54,0.894,0
M386,2018-01-21,KKR,RR,StadiumA,187,156,RR,bat,0.374,0.655,0.435,1
M387,2018-01-22,RCB,CSK,StadiumC,183,218,RCB,field,0.199,0.854,0.392,0
M388,2018-01-23,LSG,RCB,StadiumA,157,199,RCB,bat,0.365,0.228,0.717,0
M389,2018-01-24,LSG,MI,StadiumC,194,194,LSG,field,0.662,0.896,0.804,0
M390,2018-01-25,CSK,RR,StadiumB,211,194,CSK,bat,0.154,0.368,0.457,1
M391,2018-01-26,CSK,LSG,StadiumB,122,111,LSG,field,0.54,0.596,0.145,1
M392,2018-01-27,LSG,CSK,StadiumA,165,215,CSK,field,0.162,0.053,0.165,0
M393,2018-01-28,KKR,CSK,StadiumC,137,179,KKR,field,0.24,0.401,0.64,0
M394,2018-01-29,CSK,RR,StadiumA,208,220,RR,field,0.59,0.021,0.053,0
M395,2018-01-30,PBKS,RCB,StadiumB,195,186,RCB,bat,0.81,0.499,0.691,1
M396,2018-01-31,PBKS,CSK,StadiumC,211,243,CSK,bat,0.82,0.683,0.352,0
M397,2018-02-01,RR,CSK,StadiumC,113,136,RR,bat,0.122,0.528,0.019,0
M398,2018-02-02,RCB,SRH,StadiumC,130,165,SRH,bat,0.973,0.154,0.414,0
M399,2018-02-03,PBKS,LSG,StadiumA,101,52,LSG,bat,0.56,0.88,0.03,1
M400,2018-02-04,RR,CSK,StadiumB,111,89,CSK,bat,0.723,0.176,0.95,1
M401,2018-02-05,MI,RCB,StadiumC,207,256,MI,bat,0.219,0.683,0.95,0
M402,2018-02-06,CSK,PBKS,StadiumA,153,186,PBKS,bat,0.977,0.811,0.54,0
M403,2018-02-07,RR,CSK,StadiumC,124,86,CSK,field,0.667,0.891,0.837,1
M404,2018-02-08,SRH,RCB,StadiumA,136,147,RCB,bat,0.551,0.431,0.725,0
M405,2018-02-09,KKR,CSK,StadiumA,145,182,CSK,bat,0.455,0.672,0.38,0
M406,2018-02-10,SRH,CSK,StadiumA,136,156,CSK,field,0.464,0.856,0.8,0
M407,2018-02-11,PBKS,LSG,StadiumB,133,109,LSG,field,0.717,0.613,0.378,1
M408,2018-02-12,LSG,RCB,StadiumB,132,106,RCB,bat,0.409,0.172,0.322,1
M409,2018-02-13,CSK,KKR,StadiumB,153,103,CSK,bat,0.957,0.525,0.225,1
M410,2018-02-14,CSK,RR,StadiumA,123,129,CSK,bat,0.093,0.057,0.35,0
M411,2018-02-15,KKR,RR,StadiumA,154,184,KKR,bat,0.825,0.816,0.171,0
M412,2018-02-16,LSG,RCB,StadiumB,190,208,LSG,bat,0.862,0.169,0.281,0
M413,2018-02-17,RR,SRH,StadiumA,113,71,RR,bat,0.618,0.742,0.416,1
M414,2018-02-18,RCB,KKR,StadiumC,152,197,KKR,bat,0.86,0.962,0.51,0
M415,2018-02-19,MI,LSG,StadiumB,125,119,MI,bat,0.544,0.02,0.009,1
M416,2018-02-20,KKR,RR,StadiumB,146,171,KKR,bat,0.753,0.745,0.836,0
M417,2018-02-21,RCB,SRH,StadiumA,177,175,SRH,bat,0.327,0.563,0.958,1
M418,2018-02-22,CSK,SRH,StadiumB,192,171,SRH,field,0.41,0.526,0.699,1
M419,2018-02-23,RCB,KKR,StadiumA,197,187,RCB,bat,0.075,0.875,0.752,1
M420,2018-02-24,RCB,CSK,StadiumC,195,205,CSK,bat,0.63,0.546,0.156,0
M421,2018-02-25,RCB,SRH,StadiumC,118,71,SRH,field,0.091,0.073,0.624,1
M422,2018-02-26,SRH,KKR,StadiumC,159,181,KKR,field,0.635,0.868,0.784,0
M423,2018-02-27,SRH,RR,StadiumB,174,174,RR,bat,0.419,0.983,0.083,0
M424,2018-02-28,CSK,SRH,StadiumC,164,145,CSK,bat,0.758,0.012,0.779,1
M425,2018-03-01,CSK,LSG,StadiumC,189,221,CSK,bat,0.43,0.585,0.716,0
M426,2018-03-02,LSG,SRH,StadiumB,172,201,LSG,bat,0.601,0.978,0.071,0
M427,2018-03-03,SRH,LSG,StadiumB,213,235,SRH,bat,0.573,0.405,0.531,0
M428,2018-03-04,CSK,KKR,StadiumB,152,179,CSK,bat,0.221,0.217,0.489,0
M429,2018-03-05,MI,LSG,StadiumA,127,78,LSG,bat,0.485,0.907,0.986,1
M430,2018-03-06,RR,RCB,StadiumA,159,131,RCB,bat,0.961,0.86,0.473,1
M431,2018-03-07,PBKS,RR,StadiumC,184,193,PBKS,field,0.085,0.146,0.132,0
M432,2018-03-08,SRH,RR,StadiumB,135,88,SRH,field,0.891,0.989,0.879,1
M433,2018-03-09,KKR,MI,StadiumA,212,259,MI,bat,0.193,0.376,0.755,0
M434,2018-03-10,CSK,RCB,StadiumC,220,172,CSK,bat,0.458,0.375,0.782,1
M435,2018-03-11,MI,PBKS,StadiumB,182,177,MI,field,0.465,0.379,0.337,1
M436,2018-03-12,PBKS,CSK,StadiumA,112,90,CSK,field,0.21,0.321,0.481,1
M437,2018-03-13,MI,RCB,StadiumB,111,118,RCB,bat,0.516,0.5,0.939,0
M438,2018-03-14,PBKS,RCB,StadiumA,208,237,PBKS,field,0.286,0.241,0.881,0
M439,2018-03-15,KKR,CSK,StadiumB,170,195,KKR,bat,0.83,0.912,0.082,0
M440,2018-03-16,SRH,LSG,StadiumA,190,164,SRH,field,0.318,0.629,0.403,1
M441,2018-03-17,SRH,KKR,StadiumC,105,74,KKR,field,0.629,0.128,0.898,1
M442,2018-03-18,PBKS,RR,StadiumB,144,175,RR,field,0.84,0.143,0.161,0
M443,2018-03-19,KKR,RR,StadiumB,162,206,KKR,field,0.95,0.87,0.351,0
M444,2018-03-20,RCB,RR,StadiumC,143,168,RR,bat,0.319,0.607,0.284,0
M445,2018-03-21,KKR,CSK,StadiumA,202,228,KKR,bat,0.911,0.523,0.739,0
M446,2018-03-22,PBKS,LSG,StadiumA,144,118,LSG,bat,0.071,0.001,0.381,1
M447,2018-03-23,PBKS,MI,StadiumA,154,145,MI,bat,0.697,0.283,0.408,1
M448,2018-03-24,SRH,CSK,StadiumC,168,129,SRH,bat,0.39,0.675,0.418,1
M449,2018-03-25,RR,MI,StadiumC,182,218,RR,field,0.044,0.537,0.702,0
M450,2018-03-26,MI,CSK,StadiumA,117,89,CSK,bat,0.059,0.896,0.177,1
M451,2018-03-27,MI,KKR,StadiumA,103,143,KKR,bat,0.741,0.147,0.909,0
M452,2018-03-28,RCB,SRH,StadiumA,101,105,RCB,field,0.617,0.418,0.61,0
M453,2018-03-29,KKR,RCB,StadiumB,206,218,RCB,bat,0.109,0.525,0.865,0
M454,2018-03-30,KKR,RR,StadiumC,172,163,KKR,field,0.997,0.402,0.106,1
M455,2018-03-31,RR,CSK,StadiumB,117,162,CSK,bat,0.505,0.724,0.371,0
M456,2018-04-01,SRH,MI,StadiumB,140,176,MI,field,0.019,0.636,0.081,0
M457,2018-04-02,LSG,SRH,StadiumA,195,201,LSG,field,0.738,0.014,0.693,0
M458,2018-04-03,CSK,LSG,StadiumB,200,243,LSG,bat,0.716,0.222,0.056,0
M459,2018-04-04,MI,PBKS,StadiumC,163,120,PBKS,field,0.922,0.81,0.492,1
M460,2018-04-05,LSG,CSK,StadiumC,201,190,LSG,bat,0.058,0.822,0.838,1
M461,2018-04-06,PBKS,SRH,StadiumC,178,204,SRH,bat,0.346,0.749,0.161,0
M462,2018-04-07,SRH,RCB,StadiumA,106,115,SRH,field,0.729,0.5,0.346,0
M463,2018-04-08,RR,PBKS,StadiumC,197,247,PBKS,bat,0.545,0.257,0.989,0
M464,2018-04-09,CSK,PBKS,StadiumA,206,253,PBKS,field,0.101,0.892,0.49,0
M465,2018-04-10,MI,CSK,StadiumC,171,160,MI,field,0.229,0.491,0.849,1
M466,2018-04-11,CSK,PBKS,StadiumB,160,162,PBKS,field,0.181,0.766,0.86,0
M467,2018-04-12,RCB,CSK,StadiumA,171,214,CSK,bat,0.827,0.257,0.361,0
M468,2018-04-13,RCB,LSG,StadiumA,100,62,LSG,bat,0.983,0.056,0.963,1
M469,2018-04-14,CSK,KKR,StadiumC,172,197,KKR,field,0.762,0.001,0.407,0
M470,2018-04-15,RCB,SRH,StadiumC,144,186,SRH,bat,0.433,0.006,0.186,0
M471,2018-04-16,RCB,LSG,StadiumA,157,185,LSG,field,0.636,0.987,0.407,0
M472,2018-04-17,LSG,PBKS,StadiumB,120,133,PBKS,field,0.148,0.612,0.517,0
M473,2018-04-18,MI,SRH,StadiumA,140,152,SRH,bat,0.273,0.431,0.996,0
M474,2018-04-19,RCB,PBKS,StadiumA,203,174,RCB,bat,0.807,0.037,0.577,1
M475,2018-04-20,SRH,RCB,StadiumB,218,267,RCB,field,0.313,0.942,0.893,0
M476,2018-04-21,SRH,LSG,StadiumC,188,228,SRH,bat,0.122,0.807,0.642,0
M477,2018-04-22,SRH,KKR,StadiumC,110,137,SRH,bat,0.538,0.155,0.046,0
M478,2018-04-23,KKR,RR,StadiumA,162,178,KKR,field,0.442,0.396,0.001,0
M479,2018-04-24,KKR,SRH,StadiumB,199,223,SRH,bat,0.71,0.937,0.44,0
M480,2018-04-25,CSK,PBKS,StadiumA,187,165,CSK,bat,0.089,0.356,0.444,1
M481,2018-04-26,SRH,PBKS,StadiumC,162,209,SRH,field,0.138,0.847,0.547,0
M482,2018-04-27,PBKS,KKR,StadiumB,145,118,KKR,bat,0.015,0.635,0.862,1
M483,2018-04-28,SRH,PBKS,StadiumB,100,71,SRH,field,0.391,0.871,0.247,1
M484,2018-04-29,PBKS,CSK,StadiumB,202,180,CSK,bat,0.694,0.505,0.387,1
M485,2018-04-30,MI,SRH,StadiumC,190,167,MI,field,0.147,0.95,0.037,1
M486,2018-05-01,CSK,PBKS,StadiumB,106,76,PBKS,bat,0.92,0.754,0.324,1
M487,2018-05-02,MI,RR,StadiumC,131,88,MI,field,0.725,0.707,0.601,1
M488,2018-05-03,PBKS,KKR,StadiumB,169,149,KKR,bat,0.077,0.162,0.246,1
M489,2018-05-04,KKR,SRH,StadiumC,121,128,KKR,field,0.43,0.78,0.594,0
M490,2018-05-05,CSK,PBKS,StadiumC,125,138,CSK,field,0.326,0.892,0.067,0
M491,2018-05-06,PBKS,CSK,StadiumA,150,192,PBKS,field,0.049,0.023,0.533,0
M492,2018-05-07,RCB,LSG,StadiumA,125,157,LSG,bat,0.336,0.828,0.597,0
M493,2018-05-08,CSK,RCB,StadiumC,141,111,CSK,bat,0.002,0.96,0.846,1
M494,2018-05-09,CSK,RCB,StadiumB,120,160,CSK,field,0.098,0.377,0.896,0
M495,2018-05-10,MI,CSK,StadiumA,197,187,CSK,bat,0.977,0.444,0.75,1
M496,2018-05-11,SRH,RR,StadiumB,141,160,RR,bat,0.133,0.785,0.536,0
M497,2018-05-12,SRH,RR,StadiumB,188,212,SRH,bat,0.197,0.519,0.395,0
M498,2018-05-13,MI,PBKS,StadiumC,173,159,PBKS,field,0.668,0.842,0.282,1
M499,2018-05-14,LSG,PBKS,StadiumA,193,170,LSG,bat,0.955,0.318,0.969,1
M500,2018-05-15,RCB,MI,StadiumC,175,187,MI,field,0.293,0.383,0.894,0
M501,2018-05-16,SRH,RR,StadiumB,199,202,RR,field,0.093,0.563,0.534,0
M502,2018-05-17,MI,CSK,StadiumB,151,180,CSK,field,0.256,0.333,0.446,0
M503,2018-05-18,PBKS,KKR,StadiumB,171,204,PBKS,field,0.391,0.176,0.36,0
M504,2018-05-19,RCB,LSG,StadiumC,175,185,LSG,bat,0.378,0.19,0.733,0
M505,2018-05-20,KKR,RR,StadiumC,180,191,KKR,field,0.832,0.669,0.879,0
M506,2018-05-21,MI,PBKS,StadiumA,171,177,MI,bat,0.405,0.804,0.155,0
M507,2018-05-22,CSK,SRH,StadiumB,118,131,CSK,bat,0.33,0.717,0.169,0
M508,2018-05-23,CSK,SRH,StadiumB,207,254,SRH,field,0.912,0.299,0.948,0
M509,2018-05-24,KKR,MI,StadiumB,129,95,MI,bat,0.596,0.73,0.329,1
M510,2018-05-25,CSK,LSG,StadiumC,113,92,LSG,field,0.898,0.228,0.689,1
M511,2018-05-26,SRH,PBKS,StadiumC,107,114,SRH,bat,0.448,0.725,0.528,0
M512,2018-05-27,PBKS,MI,StadiumB,135,172,MI,field,0.285,0.006,0.897,0
M513,2018-05-28,SRH,RR,StadiumA,152,122,RR,bat,0.185,0.776,0.577,1
M514,2018-05-29,LSG,MI,StadiumA,210,220,MI,bat,0.263,0.464,0.684,0
M515,2018-05-30,RCB,SRH,StadiumB,109,142,RCB,bat,0.608,0.355,0.257,0
M516,2018-05-31,SRH,PBKS,StadiumC,117,167,PBKS,bat,0.261,0.207,0.941,0
M517,2018-06-01,MI,PBKS,StadiumA,182,228,PBKS,field,0.518,0.301,0.673,0
M518,2018-06-02,CSK,SRH,StadiumA,217,242,SRH,field,0.07,0.002,0.458,0
M519,2018-06-03,RCB,RR,StadiumC,176,208,RR,bat,0.933,0.559,0.7,0
M520,2018-06-04,KKR,LSG,StadiumC,162,173,LSG,field,0.973,0.585,0.229,0
M521,2018-06-05,RR,SRH,StadiumA,202,162,SRH,field,0.79,0.61,0.541,1
M522,2018-06-06,LSG,RCB,StadiumC,113,88,LSG,bat,0.739,0.428,0.362,1
M523,2018-06-07,SRH,RCB,StadiumA,177,158,SRH,field,0.502,0.651,0.391,1
M524,2018-06-08,KKR,RCB,StadiumA,119,150,KKR,field,0.234,0.504,0.241,0
M525,2018-06-09,CSK,RCB,StadiumB,159,173,RCB,bat,0.905,0.554,0.629,0
M526,2018-06-10,SRH,CSK,StadiumB,204,209,CSK,field,0.388,0.929,0.644,0
M527,2018-06-11,MI,LSG,StadiumB,129,106,LSG,bat,0.918,0.08,0.269,1
M528,2018-06-12,LSG,SRH,StadiumB,154,188,SRH,bat,0.387,0.969,0.216,0
M529,2018-06-13,RCB,RR,StadiumC,110,77,RCB,bat,0.702,0.62,0.854,1
M530,2018-06-14,LSG,RCB,StadiumB,154,106,RCB,bat,0.631,0.532,0.385,1
M531,2018-06-15,MI,SRH,StadiumA,192,204,MI,bat,0.21,0.357,0.162,0
M532,2018-06-16,MI,RR,StadiumC,201,188,MI,field,0.777,0.51,0.061,1
M533,2018-06-17,KKR,LSG,StadiumA,199,158,LSG,bat,0.069,0.305,0.779,1
M534,2018-06-18,CSK,LSG,StadiumB,108,118,CSK,field,0.562,0.645,0.113,0
M535,2018-06-19,RR,RCB,StadiumC,154,127,RR,field,0.744,0.695,0.916,1
M536,2018-06-20,CSK,SRH,StadiumB,101,58,CSK,bat,0.555,0.799,0.411,1
M537,2018-06-21,KKR,PBKS,StadiumC,173,184,KKR,field,0.066,0.671,0.48,0
M538,2018-06-22,KKR,LSG,StadiumB,145,189,LSG,bat,0.586,0.629,0.304,0
M539,2018-06-23,MI,RCB,StadiumC,187,175,RCB,bat,0.829,0.185,0.977,1
M540,2018-06-24,PBKS,KKR,StadiumC,135,106,PBKS,bat,0.652,0.832,0.753,1
M541,2018-06-25,PBKS,KKR,StadiumC,203,197,KKR,bat,0.167,0.818,0.37,1
M542,2018-06-26,SRH,KKR,StadiumB,117,125,KKR,field,0.48,0.475,0.831,0
M543,2018-06-27,MI,RCB,StadiumC,168,193,RCB,bat,0.217,0.022,0.603,0
M544,2018-06-28,MI,CSK,StadiumC,112,85,CSK,field,0.5,0.441,0.833,1
M545,2018-06-29,MI,RR,StadiumB,178,130,MI,bat,0.106,0.876,0.018,1
M546,2018-06-30,CSK,MI,StadiumA,175,181,MI,field,0.5,0.604,0.048,0
M547,2018-07-01,RR,RCB,StadiumA,195,229,RR,field,0.118,0.309,0.498,0
M548,2018-07-02,KKR,RR,StadiumB,215,198,KKR,bat,0.824,0.032,0.499,1
M549,2018-07-03,RCB,CSK,StadiumB,132,109,CSK,bat,0.778,0.915,0.968,1
M550,2018-07-04,MI,KKR,StadiumA,134,164,KKR,field,0.976,0.567,0.098,0
M551,2018-07-05,PBKS,MI,StadiumB,110,65,MI,field,0.364,0.384,0.845,1
M552,2018-07-06,RR,LSG,StadiumB,128,117,LSG,field,0.691,0.68,0.179,1
M553,2018-07-07,MI,PBKS,StadiumC,106,66,PBKS,bat,0.828,0.564,0.765,1
M554,2018-07-08,KKR,RR,StadiumC,181,219,RR,bat,0.12,0.029,0.908,0
M555,2018-07-09,LSG,CSK,StadiumB,170,155,CSK,field,0.288,0.772,0.498,1
M556,2018-07-10,RCB,KKR,StadiumC,119,149,RCB,bat,0.013,0.978,0.245,0
M557,2018-07-11,SRH,RR,StadiumC,202,191,SRH,field,0.775,0.031,0.242,1
M558,2018-07-12,CSK,PBKS,StadiumB,111,98,PBKS,field,0.948,0.188,0.267,1
M559,2018-07-13,RCB,KKR,StadiumC,219,267,KKR,field,0.288,0.859,0.042,0
M560,2018-07-14,MI,RR,StadiumA,125,120,RR,bat,0.641,0.75,0.158,1
M561,2018-07-15,RCB,CSK,StadiumC,153,166,CSK,bat,0.482,0.754,0.1,0
M562,2018-07-16,PBKS,MI,StadiumC,218,191,PBKS,bat,0.227,0.223,0.293,1
M563,2018-07-17,LSG,KKR,StadiumA,102,121,KKR,field,0.876,0.388,0.956,0
M564,2018-07-18,MI,PBKS,StadiumA,197,157,MI,bat,0.535,0.626,0.384,1
M565,2018-07-19,RCB,RR,StadiumB,108,97,RCB,bat,0.827,0.167,0.755,1
M566,2018-07-20,RR,MI,StadiumC,187,175,MI,bat,0.703,0.512,0.085,1
M567,2018-07-21,PBKS,KKR,StadiumC,182,148,KKR,field,0.418,0.712,0.727,1
M568,2018-07-22,PBKS,KKR,StadiumA,144,168,KKR,bat,0.834,0.162,0.187,0
M569,2018-07-23,RR,RCB,StadiumC,179,212,RR,field,0.945,0.275,0.249,0
M570,2018-07-24,SRH,RR,StadiumA,175,131,SRH,bat,0.874,0.302,0.134,1
M571,2018-07-25,KKR,RCB,StadiumA,169,188,RCB,field,0.285,0.656,0.344,0
M572,2018-07-26,LSG,RR,StadiumA,178,208,LSG,field,0.372,0.95,0.971,0
M573,2018-07-27,CSK,KKR,StadiumC,197,202,KKR,bat,0.353,0.161,0.46,0
M574,2018-07-28,KKR,LSG,StadiumA,118,140,KKR,field,0.449,0.157,0.386,0
M575,2018-07-29,CSK,PBKS,StadiumA,135,171,CSK,field,0.571,0.166,0.557,0
M576,2018-07-30,RR,CSK,StadiumA,107,79,RR,bat,0.241,0.805,0.001,1
M577,2018-07-31,CSK,MI,StadiumA,187,196,CSK,bat,0.079,0.696,0.648,0
M578,2018-08-01,LSG,RR,StadiumA,156,175,RR,bat,0.219,0.025,0.566,0
M579,2018-08-02,KKR,CSK,StadiumC,106,120,CSK,bat,0.388,0.986,0.262,0
M580,2018-08-03,CSK,PBKS,StadiumB,155,148,PBKS,bat,0.93,0.148,0.839,1
M581,2018-08-04,CSK,KKR,StadiumA,220,197,CSK,bat,0.623,0.259,0.456,1
M582,2018-08-05,KKR,MI,StadiumC,173,164,MI,bat,0.119,0.987,0.373,1
M583,2018-08-06,KKR,RCB,StadiumA,163,191,RCB,field,0.069,0.073,0.102,0
M584,2018-08-07,LSG,MI,StadiumA,119,165,MI,bat,0.368,0.311,0.51,0
M585,2018-08-08,CSK,RCB,StadiumC,204,194,RCB,field,0.621,0.736,0.274,1
M586,2018-08-09,KKR,LSG,StadiumB,218,170,LSG,bat,0.709,0.486,0.588,1
M587,2018-08-10,RCB,PBKS,StadiumA,184,182,RCB,field,0.968,0.064,0.278,1
M588,2018-08-11,SRH,RR,StadiumA,119,83,SRH,bat,0.526,0.969,0.891,1
M589,2018-08-12,RR,PBKS,StadiumA,118,70,RR,field,0.457,0.386,0.603,1
M590,2018-08-13,LSG,SRH,StadiumA,219,212,LSG,field,0.784,0.784,0.098,1
M591,2018-08-14,LSG,CSK,StadiumC,118,160,CSK,bat,0.391,0.989,0.091,0
M592,2018-08-15,RCB,SRH,StadiumC,125,85,RCB,bat,0.442,0.614,0.247,1
M593,2018-08-16,KKR,MI,StadiumC,127,103,MI,bat,0.752,0.742,0.237,1
M594,2018-08-17,RR,SRH,StadiumC,141,117,SRH,field,0.239,0.397,0.664,1
M595,2018-08-18,RCB,CSK,StadiumB,116,103,RCB,bat,0.421,0.856,0.386,1
M596,2018-08-19,KKR,LSG,StadiumC,148,139,KKR,field,0.835,0.565,0.413,1
M597,2018-08-20,RCB,KKR,StadiumA,162,120,KKR,bat,0.853,0.523,0.388,1
M598,2018-08-21,KKR,CSK,StadiumA,130,91,CSK,bat,0.797,0.363,0.395,1
M599,2018-08-22,SRH,RR,StadiumA,179,167,RR,field,0.143,0.795,0.992,1
M600,2018-08-23,RCB,KKR,StadiumB,119,80,KKR,bat,0.754,0.217,0.791,1
M601,2018-08-24,MI,PBKS,StadiumA,127,124,MI,field,0.485,0.099,0.829,1
M602,2018-08-25,PBKS,KKR,StadiumA,196,201,PBKS,field,0.894,0.149,0.972,0
M603,2018-08-26,MI,CSK,StadiumC,108,88,CSK,bat,0.018,0.131,0.073,1
M604,2018-08-27,MI,PBKS,StadiumA,156,159,MI,field,0.397,0.295,0.436,0
M605,2018-08-28,RCB,PBKS,StadiumA,190,219,RCB,bat,0.587,0.136,0.573,0
M606,2018-08-29,SRH,CSK,StadiumA,151,166,SRH,bat,0.438,0.677,0.174,0
M607,2018-08-30,RR,MI,StadiumA,113,93,RR,field,0.205,0.554,0.183,1
M608,2018-08-31,LSG,SRH,StadiumC,173,141,SRH,bat,0.603,0.017,0.966,1
M609,2018-09-01,RR,CSK,StadiumB,213,177,RR,bat,0.551,0.439,0.328,1
M610,2018-09-02,RCB,KKR,StadiumB,120,162,KKR,field,0.741,0.357,0.003,0
M611,2018-09-03,CSK,MI,StadiumC,110,87,CSK,field,0.853,0.288,0.597,1
M612,2018-09-04,PBKS,CSK,StadiumC,102,77,PBKS,field,0.43,0.521,0.908,1
M613,2018-09-05,RR,MI,StadiumC,138,178,RR,bat,0.67,0.135,0.685,0
M614,2018-09-06,RR,MI,StadiumC,121,128,MI,field,0.173,0.286,0.234,0
M615,2018-09-07,CSK,SRH,StadiumB,210,243,CSK,field,0.588,0.134,0.756,0
M616,2018-09-08,LSG,PBKS,StadiumB,168,185,PBKS,field,0.942,0.078,0.982,0
M617,2018-09-09,CSK,PBKS,StadiumB,130,120,CSK,bat,0.344,0.755,0.368,1
M618,2018-09-10,KKR,CSK,StadiumA,135,145,KKR,field,0.694,0.484,0.238,0
M619,2018-09-11,PBKS,KKR,StadiumA,151,185,KKR,field,0.925,0.155,0.056,0
M620,2018-09-12,CSK,RR,StadiumB,126,122,RR,field,0.691,0.89,0.891,1
M621,2018-09-13,RR,LSG,StadiumB,171,221,LSG,bat,0.419,0.815,0.897,0
M622,2018-09-14,RR,CSK,StadiumA,209,246,CSK,bat,0.22,0.381,0.126,0
M623,2018-09-15,PBKS,SRH,StadiumC,117,141,PBKS,bat,0.811,0.501,0.726,0
M624,2018-09-16,RCB,SRH,StadiumC,177,194,RCB,field,0.417,0.416,0.514,0
M625,2018-09-17,MI,CSK,StadiumC,177,152,CSK,bat,0.581,0.729,0.491,1
M626,2018-09-18,KKR,PBKS,StadiumA,126,145,KKR,bat,0.775,0.292,0.837,0
M627,2018-09-19,MI,CSK,StadiumC,108,82,CSK,field,0.913,0.967,0.237,1
M628,2018-09-20,RR,LSG,StadiumC,109,75,RR,field,0.761,0.004,0.108,1
M629,2018-09-21,SRH,RR,StadiumB,173,221,RR,bat,0.644,0.461,0.141,0
M630,2018-09-22,LSG,RCB,StadiumA,194,144,RCB,bat,0.188,0.083,0.784,1
M631,2018-09-23,CSK,SRH,StadiumC,133,139,CSK,bat,0.671,0.238,0.003,0
M632,2018-09-24,KKR,LSG,StadiumB,118,135,LSG,field,0.887,0.039,0.087,0
M633,2018-09-25,PBKS,RCB,StadiumC,216,214,RCB,bat,0.81,0.003,0.341,1
M634,2018-09-26,SRH,RR,StadiumA,133,151,SRH,bat,0.121,0.933,0.138,0
M635,2018-09-27,LSG,MI,StadiumB,110,131,MI,field,0.093,0.865,0.558,0
M636,2018-09-28,KKR,LSG,StadiumB,123,80,KKR,bat,0.104,0.632,0.426,1
M637,2018-09-29,KKR,PBKS,StadiumA,151,154,PBKS,bat,0.603,0.479,0.08,0
M638,2018-09-30,MI,LSG,StadiumA,124,107,LSG,field,0.01,0.871,0.448,1
M639,2018-10-01,RR,KKR,StadiumB,209,253,RR,bat,0.931,0.947,0.428,0
M640,2018-10-02,SRH,CSK,StadiumB,206,232,CSK,field,0.172,0.314,0.399,0
M641,2018-10-03,LSG,RCB,StadiumB,178,195,LSG,field,0.708,0.954,0.965,0
M642,2018-10-04,SRH,LSG,StadiumB,132,117,SRH,bat,0.223,0.749,0.405,1
M643,2018-10-05,KKR,CSK,StadiumA,103,111,CSK,field,0.828,0.478,0.011,0
M644,2018-10-06,LSG,CSK,StadiumA,192,221,CSK,bat,0.191,0.406,0.431,0
M645,2018-10-07,KKR,RCB,StadiumA,213,191,RCB,bat,0.866,0.831,0.698,1
M646,2018-10-08,PBKS,RCB,StadiumC,193,218,RCB,field,0.515,0.181,0.683,0
M647,2018-10-09,RR,SRH,StadiumC,140,93,SRH,field,0.839,0.565,0.395,1
M648,2018-10-10,CSK,PBKS,StadiumB,165,169,CSK,bat,0.024,0.948,0.778,0
M649,2018-10-11,CSK,MI,StadiumB,131,96,MI,bat,0.555,0.618,0.68,1
M650,2018-10-12,RR,MI,StadiumB,217,199,RR,field,0.745,0.886,0.187,1
M651,2018-10-13,CSK,RCB,StadiumB,124,164,CSK,bat,0.805,0.566,0.776,0
M652,2018-10-14,CSK,MI,StadiumB,190,220,MI,field,0.512,0.813,0.608,0
M653,2018-10-15,SRH,CSK,StadiumB,203,202,SRH,bat,0.358,0.162,0.006,1
M654,2018-10-16,MI,LSG,StadiumC,219,184,LSG,field,0.063,0.906,0.771,1
M655,2018-10-17,RCB,CSK,StadiumB,175,201,CSK,field,0.696,0.97,0.063,0
M656,2018-10-18,MI,RR,StadiumB,176,150,RR,field,0.263,0.119,0.777,1
M657,2018-10-19,LSG,CSK,StadiumB,201,157,LSG,field,0.593,0.371,0.929,1
M658,2018-10-20,LSG,RCB,StadiumC,159,131,RCB,bat,0.479,0.354,0.467,1
M659,2018-10-21,KKR,RCB,StadiumB,176,201,KKR,bat,0.261,0.222,0.633,0
M660,2018-10-22,PBKS,LSG,StadiumA,191,158,LSG,bat,0.51,0.419,0.621,1
M661,2018-10-23,PBKS,RR,StadiumB,109,156,RR,bat,0.994,0.383,0.419,0
M662,2018-10-24,MI,PBKS,StadiumA,140,149,MI,field,0.736,0.559,0.57,0
M663,2018-10-25,KKR,RR,StadiumC,109,77,KKR,field,0.079,0.986,0.622,1
M664,2018-10-26,KKR,MI,StadiumB,202,234,MI,bat,0.454,0.187,0.542,0
M665,2018-10-27,SRH,PBKS,StadiumC,116,85,PBKS,bat,0.335,0.969,0.797,1
M666,2018-10-28,PBKS,SRH,StadiumC,217,180,PBKS,field,0.612,0.201,0.497,1
M667,2018-10-29,CSK,KKR,StadiumA,171,151,KKR,field,0.73,0.584,0.982,1
M668,2018-10-30,CSK,RR,StadiumC,170,158,CSK,field,0.552,0.992,0.445,1
M669,2018-10-31,SRH,LSG,StadiumA,131,176,SRH,field,0.246,0.772,0.952,0
M670,2018-11-01,RCB,LSG,StadiumA,164,210,LSG,bat,0.158,0.074,0.83,0
M671,2018-11-02,KKR,SRH,StadiumA,130,143,KKR,bat,0.098,0.122,0.642,0
M672,2018-11-03,SRH,KKR,StadiumA,152,114,KKR,bat,0.817,0.516,0.43,1
M673,2018-11-04,KKR,PBKS,StadiumB,220,269,PBKS,field,0.362,0.911,0.332,0
M674,2018-11-05,PBKS,KKR,StadiumC,220,258,PBKS,field,0.314,0.875,0.615,0
M675,2018-11-06,RCB,RR,StadiumC,218,189,RR,field,0.994,0.805,0.686,1
M676,2018-11-07,RR,KKR,StadiumA,217,232,KKR,bat,0.708,0.797,0.384,0
M677,2018-11-08,RR,CSK,StadiumB,171,213,RR,field,0.812,0.797,0.209,0
M678,2018-11-09,PBKS,CSK,StadiumA,167,217,CSK,field,0.354,0.602,0.948,0
M679,2018-11-10,KKR,RCB,StadiumA,140,176,KKR,bat,0.356,0.827,0.21,0
M680,2018-11-11,PBKS,CSK,StadiumB,156,202,CSK,field,0.44,0.799,0.355,0
M681,2018-11-12,RCB,SRH,StadiumC,210,162,SRH,bat,0.495,0.004,0.35,1
M682,2018-11-13,SRH,RCB,StadiumC,204,175,SRH,bat,0.673,0.17,0.207,1
M683,2018-11-14,CSK,SRH,StadiumC,206,210,CSK,field,0.178,0.298,0.455,0
M684,2018-11-15,SRH,MI,StadiumC,199,180,SRH,bat,0.59,0.016,0.132,1
M685,2018-11-16,LSG,RCB,StadiumB,185,210,LSG,field,0.088,0.801,0.104,0
M686,2018-11-17,KKR,MI,StadiumC,208,210,KKR,field,0.935,0.391,0.277,0
M687,2018-11-18,SRH,PBKS,StadiumC,170,141,SRH,field,0.889,0.309,0.076,1
M688,2018-11-19,PBKS,LSG,StadiumC,102,135,PBKS,field,0.276,0.386,0.897,0
M689,2018-11-20,MI,KKR,StadiumB,141,146,KKR,field,0.056,0.78,0.322,0
M690,2018-11-21,CSK,LSG,StadiumC,210,186,LSG,bat,0.241,0.931,0.834,1
M691,2018-11-22,KKR,LSG,StadiumB,198,237,KKR,field,0.522,0.461,0.233,0
M692,2018-11-23,LSG,RR,StadiumC,163,172,RR,field,0.567,0.838,0.588,0
M693,2018-11-24,RR,MI,StadiumB,191,201,MI,field,0.745,0.421,0.244,0
M694,2018-11-25,KKR,RR,StadiumC,211,163,RR,field,0.103,0.97,0.315,1
M695,2018-11-26,SRH,CSK,StadiumB,150,111,SRH,field,0.06,0.858,0.212,1
M696,2018-11-27,LSG,MI,StadiumA,140,186,LSG,field,0.728,0.865,0.634,0
M697,2018-11-28,LSG,KKR,StadiumA,161,167,LSG,bat,0.854,0.434,0.911,0
M698,2018-11-29,MI,LSG,StadiumB,148,135,MI,bat,0.773,0.749,0.796,1
M699,2018-11-30,RCB,LSG,StadiumB,183,144,LSG,field,0.604,0.459,0.204,1
M700,2018-12-01,SRH,MI,StadiumA,183,201,SRH,bat,0.153,0.22,0.054,0
M701,2018-12-02,LSG,PBKS,StadiumC,167,196,LSG,bat,0.211,0.722,0.067,0
M702,2018-12-03,SRH,PBKS,StadiumC,176,170,SRH,field,0.266,0.376,0.269,1
M703,2018-12-04,KKR,SRH,StadiumB,189,171,KKR,field,0.755,0.415,0.304,1
M704,2018-12-05,CSK,LSG,StadiumA,155,171,LSG,bat,0.667,0.51,0.212,0
M705,2018-12-06,RR,LSG,StadiumB,180,202,LSG,bat,0.073,0.068,0.555,0
M706,2018-12-07,CSK,SRH,StadiumC,129,145,CSK,field,0.699,0.098,0.721,0
M707,2018-12-08,SRH,CSK,StadiumA,196,245,CSK,field,0.932,0.944,0.004,0
M708,2018-12-09,CSK,SRH,StadiumC,213,257,SRH,field,0.653,0.618,0.045,0
M709,2018-12-10,PBKS,RR,StadiumC,138,144,RR,field,0.244,0.684,0.584,0
M710,2018-12-11,SRH,KKR,StadiumB,107,121,SRH,bat,0.488,0.974,0.782,0
M711,2018-12-12,RR,LSG,StadiumA,218,261,LSG,field,0.071,0.561,0.107,0
M712,2018-12-13,MI,SRH,StadiumC,141,176,MI,field,0.975,0.739,0.218,0
M713,2018-12-14,RCB,MI,StadiumB,204,154,MI,field,0.893,0.602,0.224,1
M714,2018-12-15,PBKS,KKR,StadiumA,118,168,KKR,bat,0.33,0.042,0.88,0
M715,2018-12-16,SRH,RR,StadiumC,106,73,SRH,field,0.283,0.067,0.738,1
M716,2018-12-17,RCB,MI,StadiumC,198,167,RCB,field,0.583,0.904,0.733,1
M717,2018-12-18,KKR,PBKS,StadiumB,203,222,KKR,bat,0.85,0.988,0.551,0
M718,2018-12-19,KKR,PBKS,StadiumB,193,147,PBKS,bat,0.261,0.217,0.287,1
M719,2018-12-20,PBKS,KKR,StadiumC,158,192,PBKS,field,0.2,0.862,0.642,0
M720,2018-12-21,CSK,LSG,StadiumB,108,146,CSK,bat,0.067,0.242,0.057,0
M721,2018-12-22,LSG,RR,StadiumB,137,95,LSG,field,0.449,0.052,0.061,1
M722,2018-12-23,KKR,PBKS,StadiumB,143,135,KKR,field,0.694,0.03,0.885,1
M723,2018-12-24,CSK,LSG,StadiumC,174,193,CSK,bat,0.356,0.491,0.884,0
M724,2018-12-25,LSG,RR,StadiumC,184,168,RR,bat,0.975,0.767,0.637,1
M725,2018-12-26,KKR,RCB,StadiumB,135,180,KKR,bat,0.878,0.397,0.688,0
M726,2018-12-27,RCB,SRH,StadiumA,145,135,SRH,field,0.424,0.445,0.899,1
M727,2018-12-28,CSK,SRH,StadiumA,207,166,CSK,field,0.607,0.795,0.448,1
M728,2018-12-29,RR,CSK,StadiumC,175,207,RR,bat,0.374,0.355,0.513,0
M729,2018-12-30,PBKS,LSG,StadiumB,192,162,PBKS,bat,0.515,0.75,0.052,1
M730,2018-12-31,PBKS,RR,StadiumB,155,191,RR,bat,0.672,0.358,0.515,0
M731,2019-01-01,RCB,LSG,StadiumC,127,85,RCB,bat,0.049,0.889,0.209,1
M732,2019-01-02,RR,MI,StadiumC,106,140,MI,field,0.942,0.254,0.723,0
M733,2019-01-03,LSG,RR,StadiumC,185,191,RR,bat,0.577,0.867,0.788,0
M734,2019-01-04,CSK,RR,StadiumC,165,149,CSK,bat,0.861,0.433,0.278,1
M735,2019-01-05,CSK,LSG,StadiumB,211,227,LSG,bat,0.595,0.696,0.385,0
M736,2019-01-06,KKR,MI,StadiumB,202,188,KKR,bat,0.482,0.925,0.824,1
M737,2019-01-07,RR,KKR,StadiumB,169,214,RR,bat,0.455,0.155,0.153,0
M738,2019-01-08,MI,RR,StadiumA,161,204,RR,field,0.644,0.65,0.022,0
M739,2019-01-09,CSK,PBKS,StadiumB,109,92,PBKS,field,0.642,0.289,0.55,1
M740,2019-01-10,KKR,SRH,StadiumB,191,145,SRH,field,0.697,0.646,0.586,1
M741,2019-01-11,CSK,RR,StadiumA,152,200,CSK,field,0.326,0.616,0.31,0
M742,2019-01-12,KKR,PBKS,StadiumB,141,146,PBKS,field,0.976,0.236,0.756,0
M743,2019-01-13,LSG,CSK,StadiumC,135,136,CSK,field,0.023,0.9,0.849,0
M744,2019-01-14,KKR,RCB,StadiumA,197,151,KKR,bat,0.309,0.588,0.456,1
M745,2019-01-15,KKR,CSK,StadiumA,103,109,KKR,field,0.807,0.485,0.131,0
M746,2019-01-16,LSG,RR,StadiumA,122,81,RR,bat,0.956,0.949,0.669,1
M747,2019-01-17,LSG,RR,StadiumA,181,185,RR,bat,0.858,0.59,0.081,0
M748,2019-01-18,MI,CSK,StadiumA,121,168,MI,bat,0.973,0.473,0.344,0
M749,2019-01-19,LSG,KKR,StadiumC,190,146,LSG,field,0.73,0.669,0.91,1
M750,2019-01-20,KKR,SRH,StadiumC,108,152,KKR,field,0.967,0.478,0.334,0
M751,2019-01-21,PBKS,CSK,StadiumA,106,139,PBKS,bat,0.624,0.434,0.847,0
M752,2019-01-22,RR,MI,StadiumA,166,136,RR,field,0.686,0.686,0.953,1
M753,2019-01-23,LSG,RCB,StadiumB,154,155,LSG,bat,0.761,0.004,0.331,0
M754,2019-01-24,RR,LSG,StadiumA,191,169,RR,bat,0.929,0.64,0.697,1
M755,2019-01-25,SRH,RR,StadiumA,193,185,RR,bat,0.46,0.056,0.005,1
M756,2019-01-26,SRH,KKR,StadiumA,220,197,KKR,bat,0.791,0.653,0.403,1
M757,2019-01-27,SRH,RR,StadiumB,123,108,SRH,field,0.254,0.571,0.406,1
M758,2019-01-28,RCB,RR,StadiumB,136,170,RR,field,0.681,0.926,0.207,0
M759,2019-01-29,RR,CSK,StadiumA,151,143,CSK,bat,0.524,0.06,0.942,1
M760,2019-01-30,KKR,RR,StadiumB,151,196,RR,field,0.525,0.584,0.414,0
M761,2019-01-31,RR,LSG,StadiumB,205,247,LSG,bat,0.153,0.898,0.437,0
M762,2019-02-01,MI,CSK,StadiumC,151,124,CSK,field,0.486,0.528,0.809,1
M763,2019-02-02,MI,RCB,StadiumB,154,202,RCB,bat,0.146,0.582,0.908,0
M764,2019-02-03,MI,RR,StadiumB,199,223,MI,field,0.584,0.128,0.003,0
M765,2019-02-04,SRH,MI,StadiumA,217,179,MI,field,0.607,0.615,0.245,1
M766,2019-02-05,RR,SRH,StadiumA,165,115,SRH,bat,0.269,0.243,0.153,1
M767,2019-02-06,RCB,SRH,StadiumC,183,164,SRH,field,0.474,0.78,0.313,1
M768,2019-02-07,CSK,PBKS,StadiumA,142,139,PBKS,bat,0.155,0.353,0.311,1
M769,2019-02-08,MI,RR,StadiumB,148,164,MI,bat,0.471,0.844,0.55,0
M770,2019-02-09,RCB,MI,StadiumB,161,190,RCB,bat,0.741,0.02,0.299,0
M771,2019-02-10,KKR,RR,StadiumB,183,177,KKR,field,0.77,0.331,0.465,1
M772,2019-02-11,MI,LSG,StadiumB,132,170,MI,bat,0.046,0.982,0.069,0
M773,2019-02-12,MI,SRH,StadiumC,177,157,SRH,field,0.613,0.416,0.973,1
M774,2019-02-13,MI,RR,StadiumC,137,160,RR,bat,0.265,0.527,0.307,0
M775,2019-02-14,RR,RCB,StadiumB,218,235,RR,field,0.684,0.455,0.514,0
M776,2019-02-15,RR,KKR,StadiumC,214,195,KKR,field,0.877,0.555,0.893,1
M777,2019-02-16,KKR,MI,StadiumA,151,178,MI,bat,0.459,0.767,0.866,0
M778,2019-02-17,RR,SRH,StadiumB,150,119,SRH,bat,0.874,0.075,0.812,1
M779,2019-02-18,RCB,RR,StadiumA,141,127,RR,bat,0.239,0.849,0.273,1
M780,2019-02-19,RR,KKR,StadiumA,184,150,RR,field,0.256,0.621,0.272,1
M781,2019-02-20,MI,CSK,StadiumA,214,186,CSK,bat,0.882,0.339,0.655,1
M782,2019-02-21,KKR,LSG,StadiumB,156,108,LSG,field,0.308,0.999,0.126,1
M783,2019-02-22,CSK,RCB,StadiumA,195,210,RCB,bat,0.391,0.892,0.741,0
M784,2019-02-23,MI,CSK,StadiumB,188,141,MI,bat,0.501,0.782,0.701,1
M785,2019-02-24,RR,PBKS,StadiumA,146,194,PBKS,field,0.378,0.434,0.734,0
M786,2019-02-25,MI,PBKS,StadiumB,135,178,MI,bat,0.058,0.184,0.438,0
M787,2019-02-26,LSG,RR,StadiumA,134,146,LSG,bat,0.372,0.912,0.228,0
M788,2019-02-27,LSG,PBKS,StadiumA,126,137,LSG,bat,0.721,0.894,0.193,0
M789,2019-02-28,KKR,RCB,StadiumA,162,169,RCB,field,0.882,0.141,0.929,0
M790,2019-03-01,RR,MI,StadiumA,133,99,MI,field,0.88,0.045,0.921,1
M791,2019-03-02,KKR,RCB,StadiumC,130,140,RCB,field,0.308,0.138,0.141,0
M792,2019-03-03,PBKS,KKR,StadiumC,165,215,KKR,bat,0.977,0.798,0.493,0
M793,2019-03-04,SRH,MI,StadiumB,145,105,SRH,bat,0.155,0.36,0.072,1
M794,2019-03-05,SRH,PBKS,StadiumC,181,166,SRH,field,0.113,0.753,0.424,1
M795,2019-03-06,KKR,RCB,StadiumB,197,224,KKR,field,0.251,0.384,0.379,0
M796,2019-03-07,KKR,RCB,StadiumC,101,129,KKR,bat,0.061,0.553,0.803,0
M797,2019-03-08,SRH,RR,StadiumA,218,210,SRH,bat,0.931,0.168,0.703,1
M798,2019-03-09,LSG,PBKS,StadiumA,145,128,LSG,bat,0.325,0.27,0.415,1
M799,2019-03-10,RCB,KKR,StadiumC,140,122,RCB,bat,0.601,0.607,0.393,1
M800,2019-03-11,MI,PBKS,StadiumA,166,180,PBKS,bat,0.836,0.328,0.955,0
M801,2019-03-12,MI,RCB,StadiumB,190,159,MI,field,0.393,0.585,0.128,1
M802,2019-03-13,MI,PBKS,StadiumA,171,220,PBKS,bat,0.072,0.717,0.152,0
M803,2019-03-14,LSG,KKR,StadiumB,175,205,KKR,bat,0.295,0.915,0.22,0
M804,2019-03-15,CSK,RR,StadiumC,123,172,RR,field,0.107,0.187,0.616,0
M805,2019-03-16,CSK,KKR,StadiumC,113,132,KKR,bat,0.831,0.906,0.26,0
M806,2019-03-17,LSG,KKR,StadiumB,130,166,KKR,field,0.683,0.789,0.794,0
M807,2019-03-18,PBKS,CSK,StadiumC,153,181,CSK,field,0.035,0.721,0.728,0
M808,2019-03-19,CSK,KKR,StadiumB,106,147,KKR,field,0.419,0.181,0.581,0
M809,2019-03-20,LSG,MI,StadiumC,140,107,MI,field,0.695,0.757,0.032,1
M810,2019-03-21,LSG,RCB,StadiumC,128,174,RCB,bat,0.674,0.897,0.645,0
M811,2019-03-22,SRH,RR,StadiumB,108,71,SRH,bat,0.638,0.408,0.612,1
M812,2019-03-23,RR,CSK,StadiumC,108,132,RR,field,0.123,0.43,0.019,0
M813,2019-03-24,LSG,RR,StadiumB,112,131,RR,bat,0.227,0.798,0.676,0
M814,2019-03-25,RR,MI,StadiumB,119,98,RR,field,0.881,0.252,0.798,1
M815,2019-03-26,CSK,KKR,StadiumA,118,152,KKR,bat,0.387,0.116,0.443,0
M816,2019-03-27,RR,RCB,StadiumA,192,213,RCB,field,0.756,0.454,0.769,0
M817,2019-03-28,LSG,MI,StadiumC,124,92,MI,field,0.021,0.735,0.035,1
M818,2019-03-29,RCB,LSG,StadiumA,125,102,RCB,field,0.502,0.403,0.925,1
M819,2019-03-30,RR,LSG,StadiumC,148,185,RR,bat,0.75,0.474,0.456,0
M820,2019-03-31,RCB,RR,StadiumA,127,156,RCB,field,0.896,0.195,0.167,0
M821,2019-04-01,RCB,PBKS,StadiumC,210,192,PBKS,bat,0.981,0.613,0.215,1
M822,2019-04-02,RCB,MI,StadiumA,189,181,RCB,bat,0.8,0.754,0.271,1
M823,2019-04-03,MI,RCB,StadiumA,210,235,RCB,bat,0.695,0.085,0.012,0
M824,2019-04-04,RR,KKR,StadiumC,105,65,KKR,bat,0.292,0.738,0.274,1
M825,2019-04-05,LSG,CSK,StadiumC,194,243,LSG,bat,0.987,0.189,0.272,0
M826,2019-04-06,MI,RCB,StadiumA,157,182,RCB,bat,0.539,0.694,0.373,0
M827,2019-04-07,RR,KKR,StadiumB,132,144,RR,bat,0.726,0.382,0.247,0
M828,2019-04-08,LSG,CSK,StadiumB,214,172,LSG,bat,0.949,0.171,0.697,1
M829,2019-04-09,CSK,LSG,StadiumB,211,234,LSG,field,0.189,0.595,0.613,0
M830,2019-04-10,RR,SRH,StadiumC,151,180,SRH,field,0.418,0.269,0.996,0
M831,2019-04-11,RCB,SRH,StadiumA,172,136,SRH,bat,0.255,0.058,0.485,1
M832,2019-04-12,RCB,LSG,StadiumA,153,196,RCB,field,0.352,0.475,0.654,0
M833,2019-04-13,CSK,KKR,StadiumC,107,79,CSK,bat,0.758,0.857,0.647,1
M834,2019-04-14,RCB,PBKS,StadiumB,109,91,PBKS,field,0.701,0.536,0.402,1
M835,2019-04-15,CSK,RCB,StadiumB,144,95,CSK,field,0.8,0.684,0.553,1
M836,2019-04-16,RCB,RR,StadiumB,142,111,RR,bat,0.789,0.433,0.702,1
M837,2019-04-17,SRH,RR,StadiumA,188,142,SRH,bat,0.212,0.679,0.944,1
M838,2019-04-18,PBKS,SRH,StadiumB,102,135,SRH,field,0.893,0.753,0.651,0
M839,2019-04-19,SRH,CSK,StadiumA,109,107,SRH,bat,0.619,0.183,0.391,1
M840,2019-04-20,RCB,KKR,StadiumB,200,156,RCB,bat,0.078,0.097,0.069,1
M841,2019-04-21,LSG,MI,StadiumB,171,125,MI,bat,0.246,0.783,0.467,1
M842,2019-04-22,MI,CSK,StadiumC,204,220,MI,bat,0.385,0.159,0.012,0
M843,2019-04-23,RCB,PBKS,StadiumB,161,145,RCB,field,0.092,0.765,0.553,1
M844,2019-04-24,CSK,PBKS,StadiumA,200,153,PBKS,field,0.985,0.47,0.266,1
M845,2019-04-25,CSK,RCB,StadiumC,108,148,RCB,bat,0.29,0.558,0.329,0
M846,2019-04-26,PBKS,KKR,StadiumB,208,214,PBKS,bat,0.717,0.444,0.471,0
M847,2019-04-27,KKR,RCB,StadiumB,144,144,RCB,field,0.012,0.7,0.124,0
M848,2019-04-28,SRH,RCB,StadiumA,199,226,SRH,bat,0.321,0.722,0.654,0
M849,2019-04-29,LSG,RR,StadiumA,182,179,RR,bat,0.51,0.687,0.218,1
M850,2019-04-30,RR,SRH,StadiumC,155,114,SRH,bat,0.256,0.272,0.464,1
M851,2019-05-01,KKR,RR,StadiumC,169,179,KKR,bat,0.941,0.771,0.864,0
M852,2019-05-02,RR,PBKS,StadiumB,162,153,PBKS,bat,0.661,0.722,0.305,1
M853,2019-05-03,KKR,CSK,StadiumB,166,141,KKR,field,0.086,0.901,0.522,1
M854,2019-05-04,SRH,MI,StadiumB,144,139,SRH,field,0.073,0.34,0.016,1
M855,2019-05-05,CSK,SRH,StadiumC,121,157,SRH,bat,0.827,0.91,0.472,0
M856,2019-05-06,LSG,MI,StadiumA,136,120,LSG,field,0.362,0.165,0.344,1
M857,2019-05-07,KKR,CSK,StadiumB,191,211,KKR,bat,0.446,0.222,0.934,0
M858,2019-05-08,LSG,RCB,StadiumA,163,148,LSG,field,0.397,0.891,0.854,1
M859,2019-05-09,PBKS,RR,StadiumB,214,252,RR,bat,0.045,0.033,0.043,0
M860,2019-05-10,LSG,RCB,StadiumC,179,183,RCB,bat,0.869,0.734,0.02,0
M861,2019-05-11,KKR,LSG,StadiumB,148,111,LSG,field,0.319,0.745,0.404,1
M862,2019-05-12,RCB,KKR,StadiumA,176,217,RCB,field,0.56,0.86,0.958,0
M863,2019-05-13,RCB,KKR,StadiumB,139,167,RCB,field,0.74,0.3,0.913,0
M864,2019-05-14,LSG,CSK,StadiumA,212,205,CSK,bat,0.136,0.684,0.731,1
M865,2019-05-15,KKR,MI,StadiumB,195,195,MI,field,0.262,0.919,0.574,0
M866,2019-05-16,CSK,SRH,StadiumC,140,154,SRH,field,0.674,0.998,0.093,0
M867,2019-05-17,SRH,RCB,StadiumC,204,182,SRH,bat,0.283,0.386,0.682,1
M868,2019-05-18,LSG,RR,StadiumB,139,104,LSG,field,0.756,0.588,0.202,1
M869,2019-05-19,MI,SRH,StadiumC,183,220,MI,bat,0.163,0.275,0.783,0
M870,2019-05-20,MI,RCB,StadiumC,143,166,MI,field,0.437,0.347,0.243,0
M871,2019-05-21,CSK,RCB,StadiumC,124,95,RCB,field,0.87,0.776,0.408,1
M872,2019-05-22,RR,PBKS,StadiumC,208,193,RR,bat,0.036,0.258,0.959,1
M873,2019-05-23,SRH,LSG,StadiumB,158,160,LSG,bat,0.235,0.886,0.008,0
M874,2019-05-24,SRH,RR,StadiumA,214,198,SRH,bat,0.324,0.237,0.637,1
M875,2019-05-25,PBKS,LSG,StadiumA,212,185,LSG,bat,0.649,0.239,0.688,1
M876,2019-05-26,KKR,PBKS,StadiumB,157,121,KKR,bat,0.94,0.318,0.896,1
M877,2019-05-27,CSK,RCB,StadiumA,217,259,CSK,field,0.152,0.543,0.977,0
M878,2019-05-28,SRH,CSK,StadiumA,177,147,SRH,field,0.465,0.709,0.515,1
M879,2019-05-29,SRH,RCB,StadiumC,204,220,SRH,bat,0.777,0.394,0.79,0
M880,2019-05-30,KKR,MI,StadiumC,110,63,KKR,field,0.03,0.346,0.669,1
M881,2019-05-31,CSK,RR,StadiumA,110,96,RR,bat,0.879,0.787,0.582,1
M882,2019-06-01,MI,PBKS,StadiumA,103,129,MI,field,0.196,0.455,0.267,0
M883,2019-06-02,KKR,PBKS,StadiumA,136,114,PBKS,field,0.386,0.174,0.615,1
M884,2019-06-03,MI,LSG,StadiumA,211,244,MI,field,0.414,0.63,0.131,0
M885,2019-06-04,KKR,RCB,StadiumC,177,144,RCB,bat,0.95,0.056,0.584,1
M886,2019-06-05,PBKS,RCB,StadiumB,155,198,PBKS,field,0.427,0.358,0.279,0
M887,2019-06-06,LSG,PBKS,StadiumC,150,160,LSG,field,0.073,0.988,0.599,0
M888,2019-06-07,RCB,PBKS,StadiumB,160,204,RCB,field,0.607,0.317,0.763,0
M889,2019-06-08,RR,LSG,StadiumA,115,116,RR,bat,0.589,0.296,0.26,0
M890,2019-06-09,CSK,RCB,StadiumA,127,131,CSK,bat,0.576,0.66,0.231,0
M891,2019-06-10,RR,RCB,StadiumC,189,178,RCB,field,0.755,0.972,0.326,1
M892,2019-06-11,PBKS,LSG,StadiumC,146,148,LSG,bat,0.59,0.579,0.815,0
M893,2019-06-12,PBKS,MI,StadiumA,111,84,PBKS,field,0.819,0.001,0.111,1
M894,2019-06-13,RR,RCB,StadiumB,159,121,RR,field,0.094,0.383,0.883,1
M895,2019-06-14,PBKS,MI,StadiumA,154,186,MI,field,0.699,0.229,0.178,0
M896,2019-06-15,PBKS,LSG,StadiumB,142,142,LSG,bat,0.45,0.17,0.526,0
M897,2019-06-16,RR,LSG,StadiumC,136,89,RR,field,0.945,0.876,0.124,1
M898,2019-06-17,MI,LSG,StadiumB,106,109,MI,field,0.326,0.578,0.382,0
M899,2019-06-18,MI,CSK,StadiumC,170,212,CSK,field,0.689,0.55,0.107,0
M900,2019-06-19,CSK,PBKS,StadiumA,149,114,PBKS,bat,0.093,0.126,0.461,1
M901,2019-06-20,RCB,SRH,StadiumB,191,159,RCB,bat,0.128,0.072,0.845,1
M902,2019-06-21,RR,PBKS,StadiumC,102,54,RR,field,0.902,0.379,0.79,1
M903,2019-06-22,KKR,PBKS,StadiumB,118,157,PBKS,bat,0.295,0.993,0.899,0
M904,2019-06-23,RCB,MI,StadiumB,142,185,RCB,bat,0.976,0.093,0.595,0
M905,2019-06-24,LSG,MI,StadiumB,144,133,MI,field,0.347,0.209,0.135,1
M906,2019-06-25,MI,PBKS,StadiumA,136,139,PBKS,bat,0.65,0.94,0.65,0
M907,2019-06-26,KKR,PBKS,StadiumA,153,127,KKR,bat,0.321,0.665,0.283,1
M908,2019-06-27,RR,LSG,StadiumB,196,155,LSG,field,0.582,0.578,0.073,1
M909,2019-06-28,SRH,RCB,StadiumC,103,137,SRH,bat,0.579,0.069,0.717,0
M910,2019-06-29,LSG,RR,StadiumC,177,170,LSG,field,0.826,0.198,0.825,1
M911,2019-06-30,SRH,MI,StadiumB,213,261,MI,field,0.638,0.542,0.975,0
M912,2019-07-01,LSG,PBKS,StadiumA,128,174,PBKS,bat,0.211,0.099,0.239,0
M913,2019-07-02,CSK,SRH,StadiumA,145,128,SRH,bat,0.264,0.59,0.518,1
M914,2019-07-03,SRH,MI,StadiumC,115,128,MI,bat,0.591,0.546,0.281,0
M915,2019-07-04,CSK,LSG,StadiumC,175,202,LSG,field,0.816,0.876,0.197,0
M916,2019-07-05,KKR,LSG,StadiumA,154,146,LSG,field,0.724,0.543,0.074,1
M917,2019-07-06,CSK,SRH,StadiumC,136,182,CSK,bat,0.37,0.401,0.797,0
M918,2019-07-07,MI,RR,StadiumB,216,216,RR,bat,0.365,0.088,0.69,0
M919,2019-07-08,PBKS,RR,StadiumC,177,201,PBKS,bat,0.713,0.966,0.331,0
M920,2019-07-09,RR,SRH,StadiumB,207,194,RR,field,0.072,0.597,0.224,1
M921,2019-07-10,SRH,CSK,StadiumC,205,178,SRH,field,0.233,0.811,0.416,1
M922,2019-07-11,PBKS,RCB,StadiumC,201,222,PBKS,bat,0.395,0.321,0.227,0
M923,2019-07-12,LSG,PBKS,StadiumC,215,194,LSG,bat,0.97,0.635,0.215,1
M924,2019-07-13,KKR,MI,StadiumB,182,137,MI,field,0.466,0.236,0.997,1
M925,2019-07-14,KKR,RR,StadiumA,219,247,KKR,field,0.532,0.004,0.099,0
M926,2019-07-15,RCB,RR,StadiumC,114,129,RR,bat,0.358,0.874,0.938,0
M927,2019-07-16,MI,CSK,StadiumB,118,90,CSK,field,0.29,0.219,0.077,1
M928,2019-07-17,CSK,LSG,StadiumA,217,241,CSK,bat,0.128,0.805,0.449,0
M929,2019-07-18,CSK,KKR,StadiumB,160,189,CSK,bat,0.133,0.266,0.852,0
M930,2019-07-19,LSG,PBKS,StadiumA,121,171,LSG,field,0.023,0.909,0.305,0
M931,2019-07-20,KKR,LSG,StadiumA,156,194,LSG,bat,0.466,0.018,0.275,0
M932,2019-07-21,CSK,RR,StadiumB,106,76,RR,field,0.6,0.836,0.458,1
M933,2019-07-22,SRH,RR,StadiumC,112,136,SRH,bat,0.814,0.06,0.749,0
M934,2019-07-23,CSK,KKR,StadiumC,181,227,CSK,field,0.763,0.065,0.529,0
M935,2019-07-24,MI,PBKS,StadiumC,155,150,MI,field,0.142,0.737,0.65,1
M936,2019-07-25,LSG,KKR,StadiumB,146,106,KKR,bat,0.728,0.772,0.473,1
M937,2019-07-26,SRH,RCB,StadiumA,119,98,RCB,field,0.268,0.34,0.469,1
M938,2019-07-27,LSG,RCB,StadiumC,173,172,RCB,bat,0.753,0.138,0.52,1
M939,2019-07-28,RR,RCB,StadiumC,130,145,RCB,field,0.595,0.402,0.804,0
M940,2019-07-29,RCB,CSK,StadiumB,217,217,RCB,field,0.179,0.422,0.517,0
M941,2019-07-30,KKR,LSG,StadiumC,101,114,KKR,field,0.353,0.412,0.054,0
M942,2019-07-31,PBKS,RR,StadiumA,174,173,PBKS,bat,0.133,0.147,0.861,1
M943,2019-08-01,LSG,RCB,StadiumA,164,124,RCB,field,0.505,0.797,0.228,1
M944,2019-08-02,MI,CSK,StadiumA,217,248,MI,field,0.829,0.872,0.644,0
M945,2019-08-03,LSG,CSK,StadiumA,218,196,CSK,bat,0.349,0.72,0.825,1
M946,2019-08-04,PBKS,LSG,StadiumA,149,126,LSG,bat,0.725,0.043,0.468,1
M947,2019-08-05,SRH,KKR,StadiumB,148,161,SRH,field,0.566,0.879,0.892,0
M948,2019-08-06,CSK,PBKS,StadiumC,140,157,CSK,field,0.582,0.24,0.155,0
M949,2019-08-07,RR,SRH,StadiumC,112,158,SRH,bat,0.384,0.444,0.061,0
M950,2019-08-08,SRH,RCB,StadiumA,205,255,SRH,bat,0.032,0.247,0.016,0
M951,2019-08-09,MI,RCB,StadiumC,174,165,MI,bat,0.21,0.409,0.579,1
M952,2019-08-10,PBKS,CSK,StadiumA,155,154,CSK,field,0.841,0.24,0.116,1
M953,2019-08-11,MI,RCB,StadiumA,199,215,RCB,field,0.007,0.021,0.605,0
M954,2019-08-12,CSK,PBKS,StadiumB,156,172,CSK,field,0.285,0.411,0.501,0
M955,2019-08-13,SRH,MI,StadiumC,118,160,SRH,bat,0.695,0.338,0.329,0
M956,2019-08-14,CSK,PBKS,StadiumB,195,233,CSK,field,0.431,0.783,0.031,0
M957,2019-08-15,RCB,RR,StadiumC,154,159,RCB,bat,0.414,0.596,0.411,0
M958,2019-08-16,SRH,RR,StadiumC,200,234,SRH,field,0.712,0.747,0.506,0
M959,2019-08-17,CSK,LSG,StadiumB,134,182,LSG,field,0.091,0.782,0.853,0
M960,2019-08-18,SRH,LSG,StadiumB,135,104,LSG,field,0.498,0.674,0.785,1
M961,2019-08-19,MI,RCB,StadiumC,200,217,RCB,bat,0.615,0.123,0.023,0
M962,2019-08-20,KKR,SRH,StadiumC,128,139,SRH,field,0.335,0.013,0.969,0
M963,2019-08-21,RCB,PBKS,StadiumB,107,90,RCB,bat,0.019,0.81,0.937,1
M964,2019-08-22,PBKS,LSG,StadiumC,192,236,PBKS,bat,0.899,0.601,0.156,0
M965,2019-08-23,RR,KKR,StadiumB,204,173,KKR,bat,0.431,0.454,0.579,1
M966,2019-08-24,SRH,LSG,StadiumC,109,106,LSG,field,0.018,0.82,0.833,1
M967,2019-08-25,KKR,RCB,StadiumC,215,254,RCB,field,0.692,0.054,0.862,0
M968,2019-08-26,KKR,PBKS,StadiumA,219,172,KKR,field,0.278,0.917,0.619,1
M969,2019-08-27,RCB,PBKS,StadiumB,140,181,RCB,bat,0.089,0.753,0.796,0
M970,2019-08-28,CSK,LSG,StadiumA,190,209,LSG,bat,0.084,0.399,0.803,0
M971,2019-08-29,CSK,MI,StadiumC,201,197,CSK,field,0.3,0.147,0.384,1
M972,2019-08-30,MI,PBKS,StadiumB,198,248,MI,field,0.469,0.641,0.043,0
M973,2019-08-31,RCB,LSG,StadiumA,145,178,RCB,bat,0.002,0.667,0.701,0
M974,2019-09-01,KKR,RR,StadiumA,102,137,KKR,field,0.681,0.298,0.969,0
M975,2019-09-02,SRH,PBKS,StadiumC,115,95,SRH,field,0.081,0.394,0.749,1
M976,2019-09-03,CSK,MI,StadiumB,178,139,CSK,field,0.26,0.057,0.967,1
M977,2019-09-04,SRH,MI,StadiumA,209,203,MI,field,0.805,0.523,0.387,1
M978,2019-09-05,CSK,RR,StadiumC,182,193,RR,bat,0.325,0.643,0.326,0
M979,2019-09-06,RR,MI,StadiumC,198,222,MI,field,0.733,0.245,0.101,0
M980,2019-09-07,PBKS,MI,StadiumB,171,132,MI,bat,0.887,0.853,0.181,1
M981,2019-09-08,LSG,RCB,StadiumB,177,164,LSG,bat,0.39,0.461,0.993,1
M982,2019-09-09,MI,CSK,StadiumB,108,90,MI,bat,0.682,0.029,0.661,1
M983,2019-09-10,PBKS,CSK,StadiumA,167,154,PBKS,field,0.22,0.759,0.228,1
M984,2019-09-11,RR,KKR,StadiumA,123,113,RR,bat,0.069,0.64,0.211,1
M985,2019-09-12,LSG,RCB,StadiumA,184,163,LSG,field,0.891,0.609,0.704,1
M986,2019-09-13,MI,RR,StadiumA,148,171,MI,field,0.741,0.077,0.528,0
M987,2019-09-14,PBKS,SRH,StadiumB,120,117,PBKS,field,0.948,0.508,0.768,1
M988,2019-09-15,PBKS,CSK,StadiumA,155,153,PBKS,field,0.247,0.066,0.97,1
M989,2019-09-16,KKR,RR,StadiumB,133,152,RR,field,0.854,0.218,0.292,0
M990,2019-09-17,LSG,RCB,StadiumB,199,152,LSG,bat,0.229,0.018,0.329,1
M991,2019-09-18,SRH,KKR,StadiumB,217,196,KKR,field,0.289,0.622,0.318,1
M992,2019-09-19,CSK,RR,StadiumC,117,155,CSK,field,0.912,0.325,0.513,0
M993,2019-09-20,SRH,RCB,StadiumC,220,216,SRH,field,0.112,0.388,0.147,1
M994,2019-09-21,CSK,SRH,StadiumB,220,252,CSK,bat,0.259,0.591,0.973,0
M995,2019-09-22,RCB,LSG,StadiumC,212,246,LSG,field,0.196,0.134,0.846,0
M996,2019-09-23,RR,PBKS,StadiumC,190,180,RR,field,0.214,0.249,0.189,1
M997,2019-09-24,PBKS,RCB,StadiumC,110,65,PBKS,bat,0.278,0.06,0.981,1
M998,2019-09-25,RCB,MI,StadiumC,171,184,RCB,field,0.687,0.934,0.191,0
M999,2019-09-26,PBKS,LSG,StadiumA,188,202,LSG,bat,0.556,0.015,0.304,0
M1000,2019-09-27,MI,PBKS,StadiumA,214,205,PBKS,bat,0.304,0.727,0.457,1
M1001,2019-09-28,RCB,LSG,StadiumA,142,144,LSG,field,0.699,0.092,0.69,0
M1002,2019-09-29,RCB,RR,StadiumB,177,205,RR,bat,0.806,0.022,0.845,0
M1003,2019-09-30,PBKS,RR,StadiumB,175,195,RR,field,0.804,0.07,0.86,0
M1004,2019-10-01,RR,CSK,StadiumA,136,100,CSK,bat,0.073,0.928,0.523,1
M1005,2019-10-02,PBKS,CSK,StadiumA,197,224,CSK,field,0.559,0.571,0.913,0
M1006,2019-10-03,SRH,RCB,StadiumC,206,208,RCB,field,0.321,0.227,0.778,0
M1007,2019-10-04,CSK,LSG,StadiumB,219,252,LSG,bat,0.918,0.749,0.245,0
M1008,2019-10-05,KKR,MI,StadiumC,201,238,KKR,field,0.617,0.185,0.112,0
M1009,2019-10-06,KKR,CSK,StadiumB,153,173,CSK,bat,0.292,0.1,0.66,0
M1010,2019-10-07,LSG,PBKS,StadiumA,199,241,LSG,bat,0.78,0.601,0.046,0
M1011,2019-10-08,LSG,RR,StadiumC,198,202,LSG,bat,0.533,0.15,0.64,0
M1012,2019-10-09,RCB,KKR,StadiumA,138,90,RCB,bat,0.238,0.845,0.338,1
M1013,2019-10-10,PBKS,RR,StadiumC,178,210,PBKS,field,0.988,0.238,0.282,0
M1014,2019-10-11,CSK,MI,StadiumC,169,216,MI,field,0.375,0.893,0.701,0
M1015,2019-10-12,KKR,SRH,StadiumC,194,195,KKR,bat,0.653,0.657,0.677,0
M1016,2019-10-13,PBKS,RCB,StadiumA,124,170,PBKS,field,0.304,0.554,0.512,0
M1017,2019-10-14,CSK,RCB,StadiumC,107,89,RCB,field,0.045,0.505,0.153,1
M1018,2019-10-15,MI,RCB,StadiumB,178,150,MI,bat,0.079,0.24,0.79,1
M1019,2019-10-16,KKR,PBKS,StadiumA,127,93,KKR,field,0.953,0.671,0.714,1
M1020,2019-10-17,RCB,LSG,StadiumA,141,165,LSG,field,0.128,0.137,0.442,0
M1021,2019-10-18,KKR,PBKS,StadiumA,147,186,KKR,field,0.938,0.028,0.014,0
M1022,2019-10-19,KKR,RR,StadiumB,201,198,RR,field,0.217,0.669,0.123,1
M1023,2019-10-20,CSK,RCB,StadiumB,165,139,CSK,field,0.134,0.533,0.454,1
M1024,2019-10-21,MI,RCB,StadiumA,171,165,MI,field,0.194,0.552,0.678,1
M1025,2019-10-22,RR,LSG,StadiumA,184,173,LSG,field,0.378,0.02,0.821,1
M1026,2019-10-23,PBKS,SRH,StadiumA,189,205,SRH,field,0.319,0.03,0.422,0
M1027,2019-10-24,PBKS,MI,StadiumA,102,131,PBKS,field,0.432,0.403,0.585,0
M1028,2019-10-25,MI,RR,StadiumB,161,158,RR,field,0.427,0.362,0.488,1
M1029,2019-10-26,SRH,LSG,StadiumC,124,108,LSG,bat,0.671,0.314,0.171,1
M1030,2019-10-27,SRH,MI,StadiumA,116,128,SRH,bat,0.923,0.536,0.745,0
M1031,2019-10-28,LSG,PBKS,StadiumC,156,106,LSG,bat,0.461,0.607,0.396,1
M1032,2019-10-29,LSG,RCB,StadiumB,140,103,LSG,field,0.943,0.534,0.828,1
M1033,2019-10-30,LSG,PBKS,StadiumC,196,164,LSG,field,0.153,0.296,0.07,1
M1034,2019-10-31,KKR,CSK,StadiumC,128,88,CSK,field,0.818,0.475,0.759,1
M1035,2019-11-01,MI,SRH,StadiumC,192,232,SRH,bat,0.496,0.456,0.252,0
M1036,2019-11-02,RR,PBKS,StadiumA,217,169,RR,field,0.827,0.064,0.242,1
M1037,2019-11-03,SRH,MI,StadiumC,135,143,SRH,field,0.246,0.445,0.838,0
M1038,2019-11-04,PBKS,LSG,StadiumC,188,156,LSG,bat,0.981,0.465,0.016,1
M1039,2019-11-05,LSG,MI,StadiumC,214,209,MI,bat,0.598,0.388,0.871,1
M1040,2019-11-06,RCB,PBKS,StadiumB,102,112,PBKS,field,0.377,0.582,0.347,0
M1041,2019-11-07,RR,KKR,StadiumB,126,104,KKR,bat,0.233,0.44,0.618,1
M1042,2019-11-08,RCB,MI,StadiumC,193,167,RCB,bat,0.786,0.5,0.824,1
M1043,2019-11-09,MI,KKR,StadiumC,101,150,KKR,field,0.137,0.243,0.511,0
M1044,2019-11-10,MI,SRH,StadiumA,143,174,SRH,field,0.751,0.626,0.094,0
M1045,2019-11-11,RCB,KKR,StadiumB,125,170,KKR,field,0.584,0.923,0.365,0
M1046,2019-11-12,RCB,KKR,StadiumC,190,240,RCB,bat,0.43,0.912,0.159,0
M1047,2019-11-13,RR,PBKS,StadiumA,145,155,PBKS,field,0.8,0.45,0.249,0
M1048,2019-11-14,MI,CSK,StadiumA,206,174,CSK,field,0.922,0.542,0.542,1
M1049,2019-11-15,LSG,KKR,StadiumC,218,212,LSG,bat,0.429,0.362,0.823,1
M1050,2019-11-16,RCB,RR,StadiumB,216,214,RR,field,0.424,0.169,0.227,1
M1051,2019-11-17,KKR,LSG,StadiumC,136,184,LSG,field,0.877,0.663,0.585,0
M1052,2019-11-18,RR,RCB,StadiumB,190,211,RCB,bat,0.157,0.737,0.002,0
M1053,2019-11-19,SRH,LSG,StadiumB,205,156,SRH,bat,0.355,0.7,0.131,1
M1054,2019-11-20,PBKS,RCB,StadiumB,163,126,RCB,field,0.722,0.049,0.926,1
M1055,2019-11-21,KKR,PBKS,StadiumA,111,139,KKR,bat,0.126,0.413,0.405,0
M1056,2019-11-22,PBKS,RR,StadiumB,120,130,RR,bat,0.026,0.364,0.762,0
M1057,2019-11-23,LSG,PBKS,StadiumB,169,126,LSG,field,0.978,0.934,0.115,1
M1058,2019-11-24,KKR,SRH,StadiumC,138,166,SRH,bat,0.213,0.361,0.694,0
M1059,2019-11-25,KKR,PBKS,StadiumC,140,103,KKR,field,0.222,0.235,0.484,1
M1060,2019-11-26,RCB,PBKS,StadiumB,126,84,RCB,field,0.203,0.241,0.174,1
M1061,2019-11-27,PBKS,RR,StadiumB,188,232,RR,bat,0.649,0.185,0.158,0
M1062,2019-11-28,RCB,PBKS,StadiumB,126,154,RCB,field,0.865,0.378,0.735,0
M1063,2019-11-29,LSG,KKR,StadiumC,145,122,LSG,bat,0.186,0.318,0.927,1
M1064,2019-11-30,SRH,RR,StadiumB,133,136,SRH,field,0.219,0.613,0.177,0
M1065,2019-12-01,SRH,CSK,StadiumC,209,247,SRH,bat,0.46,0.858,0.63,0
M1066,2019-12-02,PBKS,KKR,StadiumB,172,208,PBKS,field,0.405,0.462,0.567,0
M1067,2019-12-03,RR,KKR,StadiumC,108,115,RR,field,0.134,0.456,0.464,0
M1068,2019-12-04,PBKS,SRH,StadiumA,121,161,SRH,bat,0.15,0.157,0.756,0
M1069,2019-12-05,LSG,RCB,StadiumB,197,198,RCB,bat,0.624,0.516,0.668,0
M1070,2019-12-06,CSK,MI,StadiumB,103,64,CSK,bat,0.016,0.557,0.697,1
M1071,2019-12-07,KKR,CSK,StadiumB,172,212,KKR,field,0.46,0.119,0.705,0
M1072,2019-12-08,PBKS,CSK,StadiumC,171,122,CSK,field,0.079,0.91,0.218,1
M1073,2019-12-09,PBKS,RCB,StadiumA,212,175,PBKS,bat,0.546,0.054,0.282,1
M1074,2019-12-10,PBKS,MI,StadiumC,144,130,PBKS,field,0.204,0.979,0.744,1
M1075,2019-12-11,LSG,SRH,StadiumA,217,201,LSG,bat,0.085,0.576,0.731,1
M1076,2019-12-12,SRH,MI,StadiumB,149,122,MI,bat,0.64,0.21,0.148,1
M1077,2019-12-13,MI,KKR,StadiumB,148,105,KKR,bat,0.39,0.655,0.65,1
M1078,2019-12-14,MI,KKR,StadiumC,161,161,MI,field,0.217,0.468,0.005,0
M1079,2019-12-15,RR,KKR,StadiumA,113,131,RR,bat,0.172,0.614,0.1,0
M1080,2019-12-16,RR,LSG,StadiumC,186,181,LSG,field,0.837,0.978,0.482,1
M1081,2019-12-17,CSK,PBKS,StadiumB,201,171,PBKS,bat,0.55,0.792,0.282,1
M1082,2019-12-18,RR,KKR,StadiumC,196,177,KKR,field,0.74,0.577,0.106,1
M1083,2019-12-19,CSK,MI,StadiumB,102,128,MI,bat,0.033,0.265,0.747,0
M1084,2019-12-20,RR,RCB,StadiumC,193,146,RR,bat,0.051,0.505,0.026,1
M1085,2019-12-21,MI,RR,StadiumC,208,198,MI,field,0.326,0.907,0.424,1
M1086,2019-12-22,MI,KKR,StadiumB,184,191,MI,bat,0.328,0.532,0.845,0
M1087,2019-12-23,RCB,KKR,StadiumB,102,97,KKR,field,0.285,0.063,0.095,1
M1088,2019-12-24,SRH,MI,StadiumC,130,168,MI,field,0.915,0.419,0.346,0
M1089,2019-12-25,PBKS,SRH,StadiumA,171,175,SRH,field,0.848,0.198,0.28,0
M1090,2019-12-26,MI,SRH,StadiumC,199,167,MI,field,0.064,0.33,0.916,1
M1091,2019-12-27,PBKS,KKR,StadiumB,176,215,PBKS,field,0.829,0.492,0.916,0
M1092,2019-12-28,MI,RCB,StadiumA,155,179,MI,bat,0.765,0.233,0.57,0
M1093,2019-12-29,RR,CSK,StadiumB,177,146,RR,bat,0.816,0.954,0.005,1
M1094,2019-12-30,SRH,LSG,StadiumA,202,195,SRH,bat,0.907,0.72,0.078,1
M1095,2019-12-31,RCB,MI,StadiumB,211,194,RCB,field,0.834,0.267,0.383,1
M1096,2020-01-01,LSG,SRH,StadiumC,107,66,SRH,bat,0.007,0.822,0.2,1
M1097,2020-01-02,MI,LSG,StadiumA,158,174,LSG,field,0.148,0.39,0.36,0
M1098,2020-01-03,RCB,SRH,StadiumA,174,129,SRH,field,0.043,0.379,0.513,1
M1099,2020-01-04,LSG,SRH,StadiumC,125,126,SRH,field,0.741,0.591,0.403,0
M1100,2020-01-05,CSK,RCB,StadiumB,210,221,CSK,field,0.315,0.316,0.456,0
M1101,2020-01-06,MI,RR,StadiumC,209,203,RR,field,0.098,0.718,0.153,1
M1102,2020-01-07,RCB,KKR,StadiumB,219,246,RCB,field,0.265,0.211,0.89,0
M1103,2020-01-08,RCB,MI,StadiumB,214,183,RCB,bat,0.725,0.874,0.463,1
M1104,2020-01-09,CSK,SRH,StadiumB,183,204,SRH,bat,0.008,0.454,0.638,0
M1105,2020-01-10,KKR,LSG,StadiumC,115,80,KKR,bat,0.086,0.302,0.765,1
M1106,2020-01-11,SRH,KKR,StadiumC,103,140,KKR,bat,0.156,0.448,0.623,0
M1107,2020-01-12,KKR,RCB,StadiumB,104,152,RCB,field,0.011,0.632,0.725,0
M1108,2020-01-13,SRH,KKR,StadiumB,115,148,SRH,bat,0.159,0.612,0.988,0
M1109,2020-01-14,SRH,MI,StadiumB,142,109,SRH,field,0.125,0.354,0.431,1
M1110,2020-01-15,KKR,RR,StadiumA,214,197,RR,bat,0.656,0.033,0.659,1
M1111,2020-01-16,RCB,PBKS,StadiumA,117,93,RCB,bat,0.727,0.529,0.468,1
M1112,2020-01-17,SRH,MI,StadiumC,125,141,SRH,field,0.256,0.763,0.635,0
M1113,2020-01-18,LSG,RCB,StadiumA,149,152,LSG,field,0.573,0.136,0.45,0
M1114,2020-01-19,MI,CSK,StadiumC,219,169,CSK,field,0.401,0.963,0.613,1
M1115,2020-01-20,PBKS,RR,StadiumC,175,202,RR,field,0.312,0.411,0.488,0
M1116,2020-01-21,PBKS,CSK,StadiumA,118,130,PBKS,field,0.883,0.223,0.77,0
M1117,2020-01-22,MI,LSG,StadiumB,119,131,LSG,bat,0.22,0.144,0.187,0
M1118,2020-01-23,RR,LSG,StadiumC,120,167,RR,field,0.848,0.115,0.996,0
M1119,2020-01-24,RR,KKR,StadiumC,123,86,KKR,field,0.933,0.495,0.704,1
M1120,2020-01-25,RCB,SRH,StadiumC,164,208,RCB,field,0.681,0.441,0.221,0
M1121,2020-01-26,RR,KKR,StadiumA,144,122,RR,bat,0.128,0.871,0.277,1
M1122,2020-01-27,CSK,PBKS,StadiumC,216,207,PBKS,bat,0.982,0.49,0.054,1
M1123,2020-01-28,KKR,RCB,StadiumA,132,118,RCB,bat,0.623,0.828,0.988,1
M1124,2020-01-29,CSK,RCB,StadiumC,171,168,CSK,field,0.816,0.567,0.957,1
M1125,2020-01-30,MI,RR,StadiumC,133,154,RR,bat,0.103,0.932,0.892,0
M1126,2020-01-31,PBKS,LSG,StadiumB,147,191,PBKS,bat,0.618,0.996,0.377,0
M1127,2020-02-01,MI,LSG,StadiumC,201,197,MI,bat,0.973,0.414,0.257,1
M1128,2020-02-02,CSK,PBKS,StadiumA,109,122,PBKS,field,0.544,0.147,0.43,0
M1129,2020-02-03,CSK,PBKS,StadiumC,139,109,CSK,field,0.763,0.716,0.954,1
M1130,2020-02-04,PBKS,CSK,StadiumA,113,81,CSK,field,0.737,0.028,0.56,1
M1131,2020-02-05,PBKS,MI,StadiumC,214,183,MI,bat,0.476,0.465,0.242,1
M1132,2020-02-06,MI,CSK,StadiumC,161,152,MI,field,0.987,0.023,0.349,1
M1133,2020-02-07,LSG,RCB,StadiumC,120,78,LSG,bat,0.901,0.272,0.548,1
M1134,2020-02-08,RCB,CSK,StadiumA,125,162,RCB,bat,0.738,0.053,0.721,0
M1135,2020-02-09,MI,KKR,StadiumA,118,158,MI,bat,0.298,0.769,0.849,0
M1136,2020-02-10,LSG,KKR,StadiumC,218,228,LSG,field,0.388,0.115,0.726,0
M1137,2020-02-11,CSK,MI,StadiumB,127,135,CSK,bat,0.46,0.331,0.809,0
M1138,2020-02-12,PBKS,RR,StadiumA,133,132,PBKS,bat,0.415,0.833,0.884,1
M1139,2020-02-13,CSK,LSG,StadiumB,164,167,LSG,field,0.24,0.089,0.716,0
M1140,2020-02-14,PBKS,SRH,StadiumC,139,172,SRH,bat,0.045,0.84,0.273,0
M1141,2020-02-15,CSK,SRH,StadiumA,138,118,CSK,field,0.792,0.604,0.479,1
M1142,2020-02-16,SRH,CSK,StadiumC,171,154,CSK,field,0.085,0.239,0.991,1
M1143,2020-02-17,LSG,RCB,StadiumC,156,206,RCB,field,0.254,0.881,0.005,0
M1144,2020-02-18,MI,RCB,StadiumB,144,150,MI,bat,0.488,0.694,0.519,0
M1145,2020-02-19,CSK,RCB,StadiumA,186,188,CSK,bat,0.086,0.547,0.286,0
M1146,2020-02-20,LSG,CSK,StadiumA,198,205,LSG,field,0.256,0.826,0.712,0
M1147,2020-02-21,LSG,CSK,StadiumC,118,118,CSK,bat,0.673,0.328,0.657,0
M1148,2020-02-22,PBKS,RR,StadiumB,156,170,PBKS,field,0.035,0.849,0.378,0
M1149,2020-02-23,SRH,RR,StadiumB,144,191,SRH,field,0.195,0.308,0.394,0
M1150,2020-02-24,RR,SRH,StadiumC,141,189,SRH,field,0.394,0.531,0.316,0
M1151,2020-02-25,KKR,MI,StadiumB,105,146,MI,field,0.67,0.353,0.749,0
M1152,2020-02-26,PBKS,CSK,StadiumA,129,153,PBKS,bat,0.106,0.522,0.786,0
M1153,2020-02-27,KKR,PBKS,StadiumB,104,92,PBKS,field,0.185,0.409,0.367,1
M1154,2020-02-28,MI,KKR,StadiumC,192,176,MI,bat,0.716,0.598,0.688,1
M1155,2020-02-29,RCB,LSG,StadiumA,173,123,LSG,field,0.799,0.213,0.182,1
M1156,2020-03-01,SRH,MI,StadiumA,164,209,MI,field,0.41,0.647,0.872,0
M1157,2020-03-02,SRH,RCB,StadiumC,188,188,RCB,bat,0.45,0.721,0.64,0
M1158,2020-03-03,RR,MI,StadiumB,114,96,RR,field,0.159,0.685,0.354,1
M1159,2020-03-04,SRH,RCB,StadiumC,140,124,SRH,field,0.906,0.662,0.077,1
M1160,2020-03-05,KKR,RR,StadiumC,145,159,KKR,field,0.42,0.344,0.115,0
M1161,2020-03-06,CSK,PBKS,StadiumA,128,104,CSK,field,0.391,0.611,0.708,1
M1162,2020-03-07,CSK,MI,StadiumB,157,150,CSK,field,0.917,0.987,0.279,1
M1163,2020-03-08,RCB,PBKS,StadiumC,170,171,RCB,bat,0.249,0.57,0.996,0
M1164,2020-03-09,PBKS,SRH,StadiumA,214,190,PBKS,field,0.733,0.419,0.123,1
M1165,2020-03-10,SRH,CSK,StadiumA,119,114,SRH,bat,0.225,0.893,0.403,1
M1166,2020-03-11,CSK,LSG,StadiumB,111,102,CSK,bat,0.541,0.637,0.849,1
M1167,2020-03-12,KKR,LSG,StadiumC,133,127,KKR,bat,0.063,0.668,0.978,1
M1168,2020-03-13,MI,LSG,StadiumB,124,137,MI,field,0.326,0.763,0.166,0
M1169,2020-03-14,CSK,RCB,StadiumA,220,179,CSK,field,0.369,0.787,0.135,1
M1170,2020-03-15,RCB,MI,StadiumA,210,183,MI,field,0.973,0.059,0.727,1
M1171,2020-03-16,RR,LSG,StadiumB,131,146,LSG,bat,0.442,0.342,0.428,0
M1172,2020-03-17,SRH,PBKS,StadiumB,162,174,SRH,bat,0.953,0.28,0.818,0
M1173,2020-03-18,RCB,MI,StadiumB,156,206,RCB,field,0.869,0.327,0.96,0
M1174,2020-03-19,SRH,CSK,StadiumA,217,244,CSK,field,0.151,0.741,0.037,0
M1175,2020-03-20,LSG,RR,StadiumA,145,97,RR,field,0.645,0.324,0.401,1
M1176,2020-03-21,SRH,RR,StadiumA,208,161,RR,bat,0.984,0.815,0.721,1
M1177,2020-03-22,LSG,RCB,StadiumB,191,201,LSG,field,0.695,0.638,0.242,0
M1178,2020-03-23,RCB,MI,StadiumC,140,129,MI,field,0.672,0.447,0.993,1
M1179,2020-03-24,MI,RCB,StadiumB,187,172,RCB,bat,0.591,0.943,0.439,1
M1180,2020-03-25,RR,SRH,StadiumA,164,211,SRH,bat,0.464,0.553,0.472,0
M1181,2020-03-26,MI,RR,StadiumB,202,206,RR,field,0.058,0.066,0.061,0
M1182,2020-03-27,KKR,PBKS,StadiumC,120,146,PBKS,field,0.996,0.009,0.113,0
M1183,2020-03-28,RCB,MI,StadiumB,121,112,RCB,field,0.63,0.478,0.367,1
M1184,2020-03-29,CSK,LSG,StadiumA,119,117,CSK,field,0.273,0.68,0.846,1
M1185,2020-03-30,PBKS,LSG,StadiumC,220,249,LSG,bat,0.52,0.485,0.346,0
M1186,2020-03-31,SRH,RCB,StadiumB,127,78,SRH,field,0.779,0.609,0.187,1
M1187,2020-04-01,MI,SRH,StadiumB,145,173,SRH,bat,0.667,0.422,0.807,0
M1188,2020-04-02,SRH,LSG,StadiumC,136,133,SRH,field,0.122,0.806,0.366,1
M1189,2020-04-03,RR,LSG,StadiumA,148,140,RR,field,0.867,0.557,0.399,1
M1190,2020-04-04,LSG,PBKS,StadiumC,192,203,LSG,bat,0.183,0.453,0.171,0
M1191,2020-04-05,RR,KKR,StadiumB,188,187,RR,field,0.138,0.446,0.933,1
M1192,2020-04-06,CSK,MI,StadiumC,193,234,CSK,field,0.15,0.981,0.372,0
M1193,2020-04-07,RR,RCB,StadiumC,124,81,RCB,bat,0.489,0.325,0.231,1
M1194,2020-04-08,CSK,MI,StadiumA,111,151,MI,field,0.83,0.297,0.15,0
M1195,2020-04-09,PBKS,LSG,StadiumC,129,172,PBKS,field,0.877,0.75,0.197,0
M1196,2020-04-10,SRH,MI,StadiumA,151,117,MI,field,0.415,0.711,0.17,1
M1197,2020-04-11,RCB,CSK,StadiumC,211,202,CSK,field,0.664,0.523,0.766,1
M1198,2020-04-12,CSK,KKR,StadiumA,209,234,KKR,bat,0.969,0.133,0.322,0
M1199,2020-04-13,PBKS,SRH,StadiumB,140,158,SRH,field,0.875,0.554,0.107,0
M1200,2020-04-14,LSG,CSK,StadiumB,123,96,CSK,bat,0.156,0.797,0.008,1
